source,name,original_price,detailed_price,annual_revenue,annual_profit,monthly_revenue,monthly_profit,ebitda,multiple,established_date,employees,location,industry,reason_for_selling,assets_included,url,original_revenue,original_profit,scrape_timestamp,inventory_included,asking_price_includes,business_type,growth_opportunities,competition,structured_data,detailed_description
Websiteproperties,...More,"$3,538,243","Asking Price: $4,400,000","Revenue $3,538,243",,,,,,2019,,Australia,Terms Reference,,,https://websiteproperties.com/websites/13755-sticking-with-success-great-business-opportunity-in-the-growing-diabetes-market/,,"Cash Flow $1,461,722",2025-07-04T12:51:47.710338,,,,,,"{'@context': 'https://schema.org', '@graph': [{'@type': 'BreadcrumbList', '@id': 'https://websiteproperties.com/websites/13755-sticking-with-success-great-business-opportunity-in-the-growing-diabetes-market/#breadcrumblist', 'itemListElement': [{'@type': 'ListItem', '@id': 'https://websiteproperties.com/#listItem', 'position': 1, 'name': 'Home', 'item': 'https://websiteproperties.com/', 'nextItem': {'@type': 'ListItem', '@id': 'https://websiteproperties.com/websites/13755-sticking-with-success-g","For Sale: Sticking With Success – Great Business Opportunity in the Growing Diabetes Market September 3, 2024 13755 Amazon In Consumer Goods Asking Price: $4,400,000 Description This opportunity’s trademarked products have the exclusive feature of holding diabetic sensors in place without sticking to the sensor itself. The patches are sold through their website, Amazon FBA, and have achieved distribution in brick-and-mortar outlets as well. The success of the patches landed accounts with two major US pharmacies where they are sold as a sole brand, generating approx. $789K in revenues in the TTM and resulting in Overall Profit Margins of 41%. One pharmacy has requested 4 more SKUs this year, which presents a huge opportunity to drive profit margins higher yet! With the FBA and 3PL model, inventory is shipped directly from suppliers to the company’s 3PL facilities and Amazon FBA where items are stocked and prepared for customer fulfillment. The owner is currently working 10 hours per wee"
Websiteproperties,Details,"$520,347","Asking Price: $980,000","Revenue $520,347",,,,,,2015,,USA,Terms Reference,,,https://websiteproperties.com/websites/13776-thriving-amazon-fba-wellness-performance-brand-39-yoy-sales-growth-56-np-margin/,,"Cash Flow $290,115",2025-07-04T12:51:55.548030,,,,,,"{'@context': 'https://schema.org', '@graph': [{'@type': 'BreadcrumbList', '@id': 'https://websiteproperties.com/websites/13776-thriving-amazon-fba-wellness-performance-brand-39-yoy-sales-growth-56-np-margin/#breadcrumblist', 'itemListElement': [{'@type': 'ListItem', '@id': 'https://websiteproperties.com/#listItem', 'position': 1, 'name': 'Home', 'item': 'https://websiteproperties.com/', 'nextItem': {'@type': 'ListItem', '@id': 'https://websiteproperties.com/websites/13776-thriving-amazon-fba-wel","For Sale: Thriving Amazon FBA Wellness & Performance Brand | 39% YoY Sales Growth | 56% NP Margin March 11, 2025 13776 Amazon In Medical Devices Asking Price: $980,000 Description Business Overview This 10-year-old wellness brand was created out of a deep passion for personal development and helping people feel and perform at their best. The founder envisioned a product that would combine advanced technology with a holistic approach to mental and physical wellness—and that vision became reality. The result is a unique, trademarked solution designed to help users improve focus, mood, energy, and overall well-being in just 20–30 minutes. With years of refinement and a loyal customer base, this brand has become a go-to resource for students, professionals, athletes, and wellness enthusiasts looking to boost clarity and overcome everyday stress or fatigue. Key Benefits Established Brand: Well-positioned in the wellness and performance enhancement space Strong Sales Growth: 39% year-over-ye"
Investors.Club,SponsoredThis is paid advertismentDone-for-you A.I. Leveraged Branded Shopify Store,,"Asking Price $5,440,000",,"Net Profit $435,908",,,,Multiple 12.48,2016,,,Lifestyle,,,https://investors.club/tech-stack/amazon-fba/,,,2025-07-04T12:52:00.095976,,,,,,"{'@context': 'https://schema.org', '@graph': [{'@type': 'CollectionPage', '@id': 'https://investors.club/tech-stack/amazon-fba/', 'url': 'https://investors.club/tech-stack/amazon-fba/', 'name': 'Amazon FBA Businesses for Sale - Investors Club', 'isPartOf': {'@id': 'https://investors.club/#website'}, 'primaryImageOfPage': {'@id': 'https://investors.club/tech-stack/amazon-fba/#primaryimage'}, 'image': {'@id': 'https://investors.club/tech-stack/amazon-fba/#primaryimage'}, 'thumbnailUrl': 'https://i",SponsoredThis is paid advertismentDone-for-you A.I. Leveraged Branded Shopify Store
Websiteproperties,Amazon FBA Storage Products Business with YoY Growth,"$195,397","Asking Price: $200,000",,,,,,,,,freedom most entrepreneurs value.,Terms Reference,,,https://websiteproperties.com/amazon-fba-business-for-sale/,,"Cash Flow $44,793",2025-07-04T12:52:02.113200,,,,,,"{'@context': 'https://schema.org', '@graph': [{'@type': 'BreadcrumbList', '@id': 'https://websiteproperties.com/amazon-fba-business-for-sale/#breadcrumblist', 'itemListElement': [{'@type': 'ListItem', '@id': 'https://websiteproperties.com/#listItem', 'position': 1, 'name': 'Home', 'item': 'https://websiteproperties.com/', 'nextItem': {'@type': 'ListItem', '@id': 'https://websiteproperties.com/amazon-fba-business-for-sale/#listItem', 'name': 'Amazon FBA Businesses for Sale'}}, {'@type': 'ListItem","Buy an Amazon FBA Business For Sale Buying an Amazon FBA Business? As a leading online business broker, Website Properties can help save you time and align you with the right buying opportunities to match your acquisition criteria. Check out our current Amazon FBA – Fulfillment by Amazon listings. Benefits of buying an established Amazon FBA Business: Starting an Amazon FBA Business from scratch does not always guarantee a lucrative business When you buy an existing Amazon business, you can acquire a product that is already actively selling and generating revenue. Researching and sourcing the products have already been done which can be time consuming No need to find a shipping supplier or 3PL warehouse The Amazon listings have already been created which are no small tasks. Impressive ROI right out the gate Amazon FBA business model can be operated from anywhere in the world Search Internet Businesses For Sale: Sort Listings: Listing Date Title Asking Price Cash Flow Listing Number Cur"
QuietLight,Electrolyte Brand  US-Based Manufacturing  65% YoY Growth  20k Subs  $17.4M Revenue  $2.56M SDE,,,"REVENUE $17,442,054",,,,,134 MULTIPLE,,,,Insights in your Mailbox,,,https://quietlight.com/listings/16065383/,"Revenue $17,442,054",,2025-07-04T12:52:07.433351,,,,,,,
Websiteproperties,Details,"$840,353","Asking Price: $695,000","Revenue $840,353",,,,,,2017,,USA,Terms Reference,,,https://websiteproperties.com/websites/13779-amazon-fba-sports-accessories-business-with-high-aov/,,"Cash Flow $197,700",2025-07-04T12:52:28.611313,,,,,,"{'@context': 'https://schema.org', '@graph': [{'@type': 'BreadcrumbList', '@id': 'https://websiteproperties.com/websites/13779-amazon-fba-sports-accessories-business-with-high-aov/#breadcrumblist', 'itemListElement': [{'@type': 'ListItem', '@id': 'https://websiteproperties.com/#listItem', 'position': 1, 'name': 'Home', 'item': 'https://websiteproperties.com/', 'nextItem': {'@type': 'ListItem', '@id': 'https://websiteproperties.com/websites/13779-amazon-fba-sports-accessories-business-with-high-a","For Sale: Amazon FBA Sports Accessories Business with High AOV April 29, 2025 13779 Amazon In Sporting Goods Asking Price: $695,000 Description Business Overview This 8 year old business is a cutting-edge sports accessory business specializing in innovative wristbands designed to enhance on-field performance for athletes and coaches. Sales are 100% Amazon FBA across 60 SKUs earning the business a 100% Amazon Seller rating and 4.7 star overall lifetime rating! The product is stored at Amazon FBA (90%) and at a rented 300 sq. ft. storage unit which can easily be stored from a home office/garage. With its functional yet convenient design and versatility over multiple sports, this High AOV business has a strong reputation and great future growth potential! Importing Utilizing a multiple supplier capital approach, the company has access to supplier options in any textile country for supplier diversification, such as Vietnam or Cambodia. As the product is easy to produce in other countries, "
Acquire,Ecommerce startup in the United States $1.1M EBITDA US-based footwear brand dominating its market. Fully established. Shopify  Amazon FBA. Asking price $2.5M (2.4x profit),$1,Asking price$2.5M,"Annual Revenue: $5,565,717","Annual Profit: $1,053,470",,,,.Multiple,,2,,-standard multiples of 2.5x for businesses in our sector,,,https://app.acquire.com/startup/FFpKu4y9yUfFacSPjkKIBS1evwR2/8KmjJ3R2RdSoRq9N0S1X?source=webCategories,,,2025-07-04T12:52:34.760750,,,,,,,Join nowLog inHelp centerBlog
Websiteproperties,Patented Innovative Camouflage Products Ecommerce Business,"$485,413","Asking Price: $200,000","Revenue $485,413",,,,,,2008,,USA,Terms Reference,,,https://websiteproperties.com/websites/13769-patented-innovative-camouflage-products-ecommerce-business/,,"Cash Flow $59,313",2025-07-04T12:52:43.239705,,,,,,"{'@context': 'https://schema.org', '@graph': [{'@type': 'BreadcrumbList', '@id': 'https://websiteproperties.com/websites/13769-patented-innovative-camouflage-products-ecommerce-business/#breadcrumblist', 'itemListElement': [{'@type': 'ListItem', '@id': 'https://websiteproperties.com/#listItem', 'position': 1, 'name': 'Home', 'item': 'https://websiteproperties.com/', 'nextItem': {'@type': 'ListItem', '@id': 'https://websiteproperties.com/websites/13769-patented-innovative-camouflage-products-ecom","For Sale: Patented Innovative Camouflage Products Ecommerce Business April 30, 2025 13769 Amazon In Retail Outdoor Equipment Asking Price: $200,000 Description Business Overview This business is THE one-stop shop for all things camouflage. From cutting-edge patterns to durable, high-performance gear, they have everything needed to stay hidden and comfortable in the wild. Family owned and operated, the brand is sold predominantly on Amazon and their ecommerce website in the sports, outdoors & hunting niche. With its global reach, robust product range, cutting-edge technology, and a commitment to quality and competitive pricing, the company is well positioned for sustained growth and expansion in the years ahead! Key Benefits Licensed and Proprietary Designs with potential to expand into additional products Extensive Media Library: Hundreds of videos and images available for marketing use Trusted Brand: 1,144+ reviews with a 4.9 Star average on the website, plus 1,865+ reviews with a 4.6"
Investors.Club,Managed by Broker,"$5,440,000","Asking Price $3,900,000","annual revenue,","Net Profit $842,008",,,,Multiple 4.63,2019,,,Communication & Media,,,https://investors.club/business/brokered/,,"Profit $435,908",2025-07-04T12:52:50.357424,,,,,,"{'@context': 'https://schema.org', '@graph': [{'@type': 'CollectionPage', '@id': 'https://investors.club/business/brokered/', 'url': 'https://investors.club/business/brokered/', 'name': 'Brokered Online Businesses for Sale - Investors Club', 'isPartOf': {'@id': 'https://investors.club/#website'}, 'primaryImageOfPage': {'@id': 'https://investors.club/business/brokered/#primaryimage'}, 'image': {'@id': 'https://investors.club/business/brokered/#primaryimage'}, 'thumbnailUrl': 'https://investors.cl",SponsoredThis is paid advertismentDone-for-you A.I. Leveraged Branded Shopify Store
Websiteproperties,Details,"$9,503,587","Asking Price: $4,725,000","Revenue $9,503,587",,,,,,1991,4,USA,Terms Reference,,,https://websiteproperties.com/websites/13767-fba-popular-socks-and-shoe-brands-candy-sales-and-fulfillment-operations/,,"Cash Flow $1,174,532",2025-07-04T12:53:03.589912,,,,,,"{'@context': 'https://schema.org', '@graph': [{'@type': 'BreadcrumbList', '@id': 'https://websiteproperties.com/websites/13767-fba-popular-socks-and-shoe-brands-candy-sales-and-fulfillment-operations/#breadcrumblist', 'itemListElement': [{'@type': 'ListItem', '@id': 'https://websiteproperties.com/#listItem', 'position': 1, 'name': 'Home', 'item': 'https://websiteproperties.com/', 'nextItem': {'@type': 'ListItem', '@id': 'https://websiteproperties.com/websites/13767-fba-popular-socks-and-shoe-bra","For Sale: FBA Popular Socks and Shoe Brands, Candy Sales, and Fulfillment Operations February 13, 2025 13767 Amazon In Consumer Goods Asking Price: $4,725,000 Description With its impressive growth trajectory and steadily increasing cash flow, this opportunity is a niche e-commerce company specializing in high-quality brand name socks, shoes, and apparel, offering both brand name third-party and exclusive brand name items. In addition to its main offerings, the company operates a separate store selling candy under its own brand as well as utilizing proprietary warehouse management software to streamline operations and provide fulfillment services to other sellers. While the majority of sales come from Amazon FBA, this business also generates revenue through its Shopify store, as well as other e-commerce channels such as eBay and Walmart. With years of successful operations and consistent year-over-year growth, it has built a strong foundation, including strategic vendor relationships, "
QuietLight,Crown Jewel Amazon FBA Asset  $3.3M TTM SDE  146% YOY Growth  Significant Potential Growth Opps,,"Asking Price $20,299,000","Revenue: $17,442,054",,,,"SDE,",multiple.,,,independence,Insights in your Mailbox,,,https://quietlight.com/amazon-fba-businesses-for-sale/,"Revenue $16,973,677",,2025-07-04T12:53:08.864301,,,,,,,"Electrolyte Brand | US-Based Manufacturing | 65% YoY Growth | 20k Subs | $17.4M Revenue | $2.56M SDE Accepting Offers Revenue: $17,442,054 Income: $2,566,134 Amazon FBA Crown Jewel Amazon FBA Asset | $3.3M TTM SDE | 146% YOY Growth + Significant Potential Growth Opps Asking Price $20,299,000 Revenue: $16,973,677 Income: $3,340,187 Amazon FBA Inc 500 Nutritional Supplements Ecommerce Business – 134% YoY Growth Asking Price $20,000,000 Revenue: $18,209,404 Income: $4,673,513 Amazon FBA Category-Leading Amazon Home & Office Products Brand w/ $10m+ Revenue and 30,000+ Reviews Asking Price $16,000,000 Revenue: $10,721,750 Income: $2,738,548 Amazon FBA Under Offer SBA PQ | 10-Yr-Old FBA, Category Best Seller | 13% Rev & 27% SDE YOY Growth | 78,000 Reviews $10,425,000 Revenue: $14,257,120 Income: $2,978,291 Amazon FBA Under Offer 7 Year Old Amazon FBA Shower Filter Business w/No Seasonality, Fantastic Reviews, & 25% Net Margins $10,200,000 Revenue: $9,835,387 Income: $2,427,197 Amazon FBA Eve"
Websiteproperties,Patented Amazon Brand Neck Pain Relief Product  FDA Approved,"$803,425","Asking Price: $895,000","Revenue $803,425",,,,,,2018,0,USA,Terms Reference,,,https://websiteproperties.com/websites/13763-patented-amazon-brand-neck-pain-relief-product-fda-approved/,,"Cash Flow $212,711",2025-07-04T12:53:14.574409,,,,,,"{'@context': 'https://schema.org', '@graph': [{'@type': 'BreadcrumbList', '@id': 'https://websiteproperties.com/websites/13763-patented-amazon-brand-neck-pain-relief-product-fda-approved/#breadcrumblist', 'itemListElement': [{'@type': 'ListItem', '@id': 'https://websiteproperties.com/#listItem', 'position': 1, 'name': 'Home', 'item': 'https://websiteproperties.com/', 'nextItem': {'@type': 'ListItem', '@id': 'https://websiteproperties.com/websites/13763-patented-amazon-brand-neck-pain-relief-prod","For Sale: Patented Amazon Brand Neck Pain Relief Product / FDA Approved February 3, 2025 13763 Amazon In Health, Wellness and Fitness Asking Price: $895,000 Description The Opportunity This is a rare opportunity to acquire a well-established and widely recognized brand that primarily operates through Amazon FBA, anchored by strong intellectual property—including a patented, FDA-approved product and a registered trademark. With renewed focus and strategic marketing, the brand holds significant growth potential, having previously achieved annual sales of up to $10 million. Additionally, the business has pre-established supply chain alternatives that could help minimize or even eliminate import tariffs, offering a competitive edge and smoother path to scaling. Business Overview One of the most prevalent injuries is neck pain. And while clinical products provided the most relief, there were not any real suitable at-home solutions. As a physical therapist, the founder had a desire to create"
QuietLight,"SBA PQ  10-Yr-Old FBA, Category Best Seller  13% Rev  27% SDE YOY Growth  78,000 Reviews",,"Asking Price: $10,425,000","REVENUE $14,257,120",,,,,MULTIPLE 3.5x,,,,Insights in your Mailbox,,,https://quietlight.com/listings/12973521/,"Revenue $14,257,120",,2025-07-04T12:53:34.364950,,,,,,,
QuietLight,"7 Year Old Amazon FBA Shower Filter Business wNo Seasonality, Fantastic Reviews,  25% Net Margins",,"Asking Price: $10,200,000","REVENUE $9,835,387",,,,,MULTIPLE 4.2x,,,,. In fact,,,https://quietlight.com/listings/16050561/,"Revenue $9,835,387",,2025-07-04T12:53:41.338839,,,,,,,
Investors.Club,For Sale by Owner,"$25,997","Asking Price $150,000",,"Net Profit $141,080",,,,Multiple 1.06,2019,,,AIAutomotive,,,https://investors.club/business/for-sale-by-owner/,,"Profit $8,120",2025-07-04T12:54:26.196653,,,,,,"{'@context': 'https://schema.org', '@graph': [{'@type': 'CollectionPage', '@id': 'https://investors.club/business/for-sale-by-owner/', 'url': 'https://investors.club/business/for-sale-by-owner/', 'name': 'Businesses for Sale by Owner - Investors Club', 'isPartOf': {'@id': 'https://investors.club/#website'}, 'primaryImageOfPage': {'@id': 'https://investors.club/business/for-sale-by-owner/#primaryimage'}, 'image': {'@id': 'https://investors.club/business/for-sale-by-owner/#primaryimage'}, 'thumbna",SponsoredThis is paid advertismentDone-for-you A.I. Leveraged Branded Shopify Store
