source,name,price,revenue,profit,description,url,category
QuietLight,Simple Amazon FBA Accounting Ledger Books Business w/23% Margins | 3.92x ROAS | Low Workload,"$250,192","$250,192","$57,088","Simple Amazon FBA Accounting Ledger Books Business w/23% Margins | 3.92x ROAS | Low Workload $200,000 Revenue: $250,192 Income: $57,088 Amazon FBA",https://quietlight.com/listings/16921449/,Amazon FBA
QuietLight,8 Year Old – Women’s Swim and Apparel Brand | FBA + Shopify | $171k SDE,"$1,372,142","$1,372,142","$530,000","Under Offer 8 Year Old – Women’s Swim and Apparel Brand | FBA + Shopify | $171k SDE $530,000 Revenue: $1,372,142 Income: $171,144 Amazon FBA",https://quietlight.com/listings/9010087/,Amazon FBA
QuietLight,"9-Year-Old Amazon FBA Stationery Brand | 6,000+ Reviews | 4.6-Star Rating | Seller Finance Available","$4,615,205","$4,615,205","$638,584","9-Year-Old Amazon FBA Stationery Brand | 6,000+ Reviews | 4.6-Star Rating | Seller Finance Available $2,235,000 Revenue: $4,615,205 Income: $638,584 Amazon FBA",https://quietlight.com/listings/16381108/,Amazon FBA
QuietLight,7 Year Old Ladies Bag Amazon FBA UK Business w/USA Expansion Opportunity & Zero Advertising,"$1,578,995","$1,578,995","$214,955","7 Year Old Ladies Bag Amazon FBA UK Business w/USA Expansion Opportunity & Zero Advertising $645,000 Revenue: $1,578,995 Income: $214,955 Amazon FBA",https://quietlight.com/listings/16702772/,Amazon FBA
QuietLight,Growing Amazon FBA Premium STEM Kids Toys | Ready International Expansion | Strong Reviews,"$3,614,069","$3,614,069","$555,779","Growing Amazon FBA Premium STEM Kids Toys | Ready International Expansion | Strong Reviews $1,150,000 Revenue: $3,614,069 Income: $555,779 Amazon FBA",https://quietlight.com/listings/16859412/,Amazon FBA
QuietLight,11 Year Old Niche Hardware Amazon FBA Business w/Low SKU Count | 40% Net Margins | Amazing Reviews,"$405,000","$255,156","$103,723","11 Year Old Niche Hardware Amazon FBA Business w/Low SKU Count | 40% Net Margins | Amazing Reviews $405,000 Revenue: $255,156 Income: $103,723 Amazon FBA",https://quietlight.com/listings/17337235/,Amazon FBA
QuietLight,8-Year-Old Pet Safety Brand | 20% Repeat Purchase Rate | 21% YOY Revenue Growth Past 6 Mos.,"$655,900","$553,106","$218,636","Under Offer 8-Year-Old Pet Safety Brand | 20% Repeat Purchase Rate | 21% YOY Revenue Growth Past 6 Mos. $655,900 Revenue: $553,106 Income: $218,636 Amazon FBA",https://quietlight.com/listings/13384086/,Amazon FBA
QuietLight,Electrolyte Brand | US-Based Manufacturing | 65% YoY Growth | 20k Subs | $17.4M Revenue | $2.56M SDE,"$17,442,054","$17,442,054","$2,566,134","Electrolyte Brand | US-Based Manufacturing | 65% YoY Growth | 20k Subs | $17.4M Revenue | $2.56M SDE Accepting Offers Revenue: $17,442,054 Income: $2,566,134 Amazon FBA",https://quietlight.com/listings/16065383/,Amazon FBA
QuietLight,EU-Based Amazon FBA Gardening Business | 1.9x Multiple | Low Workload | VAT Management in Place,"$260,708","$260,708","$49,766","EU-Based Amazon FBA Gardening Business | 1.9x Multiple | Low Workload | VAT Management in Place $94,500 Revenue: $260,708 Income: $49,766 Amazon FBA",https://quietlight.com/listings/16051221/,Amazon FBA
QuietLight,Fast Growing Amazon FBM | Used Cameras & Electronics | 300% YoY Growth | Low Overhead,"$3,568,938","$3,568,938","$420,981","Under Offer Fast Growing Amazon FBM | Used Cameras & Electronics | 300% YoY Growth | Low Overhead $650,000 Revenue: $3,568,938 Income: $420,981 Amazon FBA",https://quietlight.com/listings/15594313/,Amazon FBA
QuietLight,Gaming Furniture Business | 56% YoY Growth | 10 Hrs/Week Operation | Multi-Country Revenue,"$925,000","$925,000","$276,460","Gaming Furniture Business | 56% YoY Growth | 10 Hrs/Week Operation | Multi-Country Revenue $925,000 Revenue: $799,002 Income: $276,460 Amazon FBA",https://quietlight.com/listings/13369216/,Amazon FBA
QuietLight,SBA Pre-Qualified Amazon FBA Health Supplement Company | 15K+ Amazon Subscribers | US Manufacturing,"$4,726,088","$4,726,088","$1,125,198","SBA Pre-Qualified Amazon FBA Health Supplement Company | 15K+ Amazon Subscribers | US Manufacturing $4,000,000 Revenue: $4,726,088 Income: $1,125,198 Amazon FBA",https://quietlight.com/listings/13938228/,Amazon FBA
QuietLight,Stable Amazon FBA Business in Seniors Niche | 85% Gross Profit Margin | Simple Operations,"$174,526","$174,526","$52,032","Stable Amazon FBA Business in Seniors Niche | 85% Gross Profit Margin | Simple Operations $140,000 Revenue: $174,526 Income: $52,032 Amazon FBA",https://quietlight.com/listings/16944105/,Amazon FBA
QuietLight,"7 Year Old Amazon FBA Shower Filter Business w/No Seasonality, Fantastic Reviews, & 25% Net Margins","$10,200,000","$9,835,387","$2,427,197","Under Offer 7 Year Old Amazon FBA Shower Filter Business w/No Seasonality, Fantastic Reviews, & 25% Net Margins $10,200,000 Revenue: $9,835,387 Income: $2,427,197 Amazon FBA",https://quietlight.com/listings/16050561/,Amazon FBA
QuietLight,"Fast Growing Health Supplement Amazon FBA Business w/ 15,000+ Subscriptions & 32% Net Margins","$8,000,000","$4,069,217","$1,332,198","Fast Growing Health Supplement Amazon FBA Business w/ 15,000+ Subscriptions & 32% Net Margins $8,000,000 Revenue: $4,069,217 Income: $1,332,198 Amazon FBA",https://quietlight.com/listings/15830388/,Amazon FBA
QuietLight,"SBA PQ | 10-Yr-Old FBA, Category Best Seller | 13% Rev & 27% SDE YOY Growth | 78,000 Reviews","$14,257,120","$14,257,120","$2,978,291","Under Offer SBA PQ | 10-Yr-Old FBA, Category Best Seller | 13% Rev & 27% SDE YOY Growth | 78,000 Reviews $10,425,000 Revenue: $14,257,120 Income: $2,978,291 Amazon FBA",https://quietlight.com/listings/12973521/,Amazon FBA
QuietLight,4-Year-Old Travel Accessories FBA Brand + Wholesale | Low Workload | Proprietary Tooling | $113K SDE,"$601,771","$601,771","$350,000","4-Year-Old Travel Accessories FBA Brand + Wholesale | Low Workload | Proprietary Tooling | $113K SDE $350,000 Revenue: $601,771 Income: $114,752 Amazon FBA",https://quietlight.com/listings/16878540/,Amazon FBA
QuietLight,"Patented FBA Pet Travel Brand | 2,700+ 4.5-Star Reviews | Proven Market Fit | Huge Growth Potential","$201,719","$201,719","$6,757","Patented FBA Pet Travel Brand | 2,700+ 4.5-Star Reviews | Proven Market Fit | Huge Growth Potential $80,000 Revenue: $201,719 Income: $6,757 Amazon FBA",https://quietlight.com/listings/16670865/,Amazon FBA
QuietLight,"Price Reduced: 8-Year-Old Category-Leading Sleepwear and Socks FBA Business | $8M Revenue | 40,000+ Reviews | Seller Financing Available","$8,000,000","$8,000,000","$847,856","Price Reduced: 8-Year-Old Category-Leading Sleepwear and Socks FBA Business | $8M Revenue | 40,000+ Reviews | Seller Financing Available $2,200,000 Revenue: $7,966,554 Income: $847,856 Amazon FBA",https://quietlight.com/listings/16844681/,Amazon FBA
QuietLight,Distressed $28M Global Footwear Platform | Strategic Liquidation | 21 Channels | Recovery Ready,"$28,493,004","$28,493,004","$5,706,691","Distressed $28M Global Footwear Platform | Strategic Liquidation | 21 Channels | Recovery Ready Accepting Offers Revenue: $28,493,004 Income: $-1,500,356 Ecommerce 25 Year Old Outdoor Sporting Goods Ecommerce Business Asking Price Accepting Offers Revenue: $22,523,477 Income: $2,028,466 Ecommerce 10 Year Old E-Commerce Brand w/Dominant Market Position and",https://quietlight.com/listings/17339742/,Amazon FBA
QuietLight,SBA & Conv. PQ – $8M | 17-Yr-Old Multi-Channel Consumer Tech | YoY 24% Rev & 22% SDE Growth | 3.4x,"$11,175,171","$11,175,171","$2,653,336","SBA & Conv. PQ – $8M | 17-Yr-Old Multi-Channel Consumer Tech | YoY 24% Rev & 22% SDE Growth | 3.4x $8,999,000 Revenue: $11,175,171 Income: $2,653,336 Ecommerce",https://quietlight.com/listings/15298647/,Ecommerce
QuietLight,Premium Cannabis Hardware Shopify Brand | $115 AOV | 30% Returning Customer Rate | Ready for Scale,"$1,113,116","$1,113,116","$275,543","Premium Cannabis Hardware Shopify Brand | $115 AOV | 30% Returning Customer Rate | Ready for Scale $690,000 Revenue: $1,113,116 Income: $275,543 Ecommerce",https://quietlight.com/listings/16012265/,Ecommerce
QuietLight,18-Year-Old Established Custom Greeting Card Business | 60% Repeat Customer Rate | $525 AOV,"$353,903","$353,903","$99,293","18-Year-Old Established Custom Greeting Card Business | 60% Repeat Customer Rate | $525 AOV $275,000 Revenue: $353,903 Income: $99,293 Ecommerce",https://quietlight.com/listings/17329259/,Ecommerce
QuietLight,10 Year Old Amazon FBA and Shopify Nootropics Biz w/Solid Reputation & High Margins,"$425,000","$242,047","$142,047","10 Year Old Amazon FBA and Shopify Nootropics Biz w/Solid Reputation & High Margins $425,000 Revenue: $242,047 Income: $142,047 Ecommerce",https://quietlight.com/listings/16576760/,Amazon FBA
QuietLight,Growing Shopify Health and Wellness Coffee Alternative Consumable CPG Brand | $77 AOV | $20K+ MRR,"$2,323,920","$2,323,920","$426,262","Growing Shopify Health and Wellness Coffee Alternative Consumable CPG Brand | $77 AOV | $20K+ MRR $1,350,000 Revenue: $2,323,920 Income: $426,262 Ecommerce",https://quietlight.com/listings/17166725/,Ecommerce
QuietLight,"20-Year-Old Maternity Line | Evergreen Styles | Wholesale, Drop-Ship, and DTC Channels | $184k SDE","$812,145","$812,145","$590,000","Under Offer 20-Year-Old Maternity Line | Evergreen Styles | Wholesale, Drop-Ship, and DTC Channels | $184k SDE $590,000 Revenue: $812,145 Income: $184,609 Ecommerce",https://quietlight.com/listings/15616862/,Ecommerce
QuietLight,"High-Margin, Premium Hemp Products | 40% Repeat Purchase Rate | YOY TTM 285% Rev & 388% SDE Growth","$717,530","$717,530","$200,131","Under Offer High-Margin, Premium Hemp Products | 40% Repeat Purchase Rate | YOY TTM 285% Rev & 388% SDE Growth $499,000 Revenue: $717,530 Income: $200,131 Ecommerce",https://quietlight.com/listings/15140904/,Ecommerce
QuietLight,SBA Eligible: 20-Year-Old USA Manufacturing Biz | Premium Automotive Products | 77% Gross Margins,"$1,214,645","$1,214,645","$308,338","SBA Eligible: 20-Year-Old USA Manufacturing Biz | Premium Automotive Products | 77% Gross Margins $1,000,000 Revenue: $1,214,645 Income: $308,338 Ecommerce",https://quietlight.com/listings/15995434/,Ecommerce
QuietLight,SBA Pre-Qualified Diversified Musical Instrument E-Retailer: Exclusive Relationships & Strong YoY Growth,"$1,029,058","$1,029,058","$270,713","SBA Pre-Qualified Diversified Musical Instrument E-Retailer: Exclusive Relationships & Strong YoY Growth $757,900 Revenue: $1,029,058 Income: $270,713 Ecommerce",https://quietlight.com/listings/16985558/,Ecommerce
QuietLight,Shopify Drop-Shipping | Large Pride Social Following | 200K Active Email Subscribers | $94k SDE,"$1,004,577","$1,004,577","$287,000","Shopify Drop-Shipping | Large Pride Social Following | 200K Active Email Subscribers | $94k SDE $287,000 Revenue: $1,004,577 Income: $94,149 Ecommerce",https://quietlight.com/listings/11515442/,Ecommerce
QuietLight,11-Year-Old Patented Desk Treadmill Brand | SBA Eligible | Big Growth Opportunities,"$950,000","$898,759","$295,430","Under Offer 11-Year-Old Patented Desk Treadmill Brand | SBA Eligible | Big Growth Opportunities $950,000 Revenue: $898,759 Income: $295,430 Ecommerce",https://quietlight.com/listings/16363673/,Ecommerce
QuietLight,Established Orthotic Insole Brand | 78% YoY Growth | 75% Gross Margin | Rising AOV | Strong Brand,"$6,200,291","$6,200,291","$1,162,485","Established Orthotic Insole Brand | 78% YoY Growth | 75% Gross Margin | Rising AOV | Strong Brand $4,000,000 Revenue: $6,200,291 Income: $1,162,485 Ecommerce",https://quietlight.com/listings/17007115/,Ecommerce
QuietLight,6-Year-Old Drop-Ship Business Selling Japanese Goods | Strong Growth in 2025 | 32% Net Margins,"$499,999","$402,855","$132,309","6-Year-Old Drop-Ship Business Selling Japanese Goods | Strong Growth in 2025 | 32% Net Margins $499,999 Revenue: $402,855 Income: $132,309 Ecommerce",https://quietlight.com/listings/17555420/,Ecommerce
QuietLight,Shopify/Amazon Sea Moss Brand | $270K+ MRR | 90%+ Gross Margin | US Made | 30%+ Growth,"$14,323,803","$14,323,803","$1,463,306","Under Offer Shopify/Amazon Sea Moss Brand | $270K+ MRR | 90%+ Gross Margin | US Made | 30%+ Growth $5,850,000 Revenue: $14,323,803 Income: $1,463,306 Ecommerce",https://quietlight.com/listings/12197700/,Amazon FBA
QuietLight,Premium Wristwatch Ecomm Business | 67% Net Profit Margins | Low Workload | High-Profile Collabs,"$280,000","$174,850","$118,266","Premium Wristwatch Ecomm Business | 67% Net Profit Margins | Low Workload | High-Profile Collabs $280,000 Revenue: $174,850 Income: $118,266 Ecommerce",https://quietlight.com/listings/16316699/,Ecommerce
QuietLight,Thriving Women’s Health Supplement Business | $5.7M SDE | 300%+ Growth | Owners Capping Growth,"$25,000,000","$10,873,231","$5,706,691","Under Offer Thriving Women’s Health Supplement Business | $5.7M SDE | 300%+ Growth | Owners Capping Growth $25,000,000 Revenue: $10,873,231 Income: $5,706,691 Ecommerce",https://quietlight.com/listings/15960930/,Ecommerce
QuietLight,Premium Snack Subscription Box Biz | US Supply Chain | 36% Repeat Customer Rate | 58% SDE Growth,"$615,000","$519,702","$186,558","Premium Snack Subscription Box Biz | US Supply Chain | 36% Repeat Customer Rate | 58% SDE Growth $615,000 Revenue: $519,702 Income: $186,558 Ecommerce",https://quietlight.com/listings/17224025/,Ecommerce
QuietLight,5-Year-Old Established Supplements Brand | 60% Returning Customers | 4-5 Hours Weekly Management,"$4,736,490","$4,736,490","$905,162","Under Offer 5-Year-Old Established Supplements Brand | 60% Returning Customers | 4-5 Hours Weekly Management $3,500,000 Revenue: $4,736,490 Income: $905,162 Ecommerce",https://quietlight.com/listings/16647116/,Ecommerce
QuietLight,Premium Pet Accessories Wholesale Brand | Celebrity Worn | 50% Net Margins | Amazon Untapped,"$205,000","$160,956","$81,523","Premium Pet Accessories Wholesale Brand | Celebrity Worn | 50% Net Margins | Amazon Untapped $205,000 Revenue: $160,956 Income: $81,523 Ecommerce",https://quietlight.com/listings/17140416/,Amazon FBA
QuietLight,2-Year-Old Drop-Shipping Fashion Brand | Evergreen Catalog | $8 Million in Revenue | Very Low Multiple,"$8,188,826","$8,188,826","$702,801","2-Year-Old Drop-Shipping Fashion Brand | Evergreen Catalog | $8 Million in Revenue | Very Low Multiple $1,500,000 Revenue: $8,188,826 Income: $702,801 Ecommerce",https://quietlight.com/listings/15664017/,Ecommerce
QuietLight,SBA Pre-Qualified: 30+ Year Porsche Performance Parts Manufacturing | Made in USA | $328K SDE,"$1,150,000","$655,399","$1,150,000","Under Offer SBA Pre-Qualified: 30+ Year Porsche Performance Parts Manufacturing | Made in USA | $328K SDE $1,150,000 Revenue: $655,399 Income: $328,062 Ecommerce",https://quietlight.com/listings/14097773/,Ecommerce
QuietLight,5-Year-Old Video Editing Digital Products Business | 35% TTM SDE Growth,"$723,017","$723,017","$212,343","5-Year-Old Video Editing Digital Products Business | 35% TTM SDE Growth $550,000 Revenue: $723,017 Income: $212,343 Ecommerce",https://quietlight.com/listings/17148431/,Ecommerce
QuietLight,"12-Year-Old Mobile Safety App | 6,500 Paid Subscribers | Patented Tech | SBA Eligible","$695,000","$215,355","$149,066","12-Year-Old Mobile Safety App | 6,500 Paid Subscribers | Patented Tech | SBA Eligible $695,000 Revenue: $215,355 Income: $149,066 Saas Business",https://quietlight.com/listings/14264148/,SaaS
QuietLight,SBA Pre-Qual 10 Yr Old Real Estate Content Platform | 675K Social Following | Recurring Rev Model,"$1,291,152","$1,291,152","$456,250","Under Offer SBA Pre-Qual 10 Yr Old Real Estate Content Platform | 675K Social Following | Recurring Rev Model $1,100,000 Revenue: $1,291,152 Income: $456,250 Saas Business",https://quietlight.com/listings/14524263/,SaaS
QuietLight,"SBA Max $5M Pre-Approval | Exploding SaaS Trading Platform | $5.4M REV, $2.7M+ SDE – UP 212%","$8,000,000","$5,506,312","$2,644,634","SBA Max $5M Pre-Approval | Exploding SaaS Trading Platform | $5.4M REV, $2.7M+ SDE – UP 212% $8,000,000 Revenue: $5,506,312 Income: $2,644,634 Saas Business",https://quietlight.com/listings/14753270/,SaaS
QuietLight,SBA Pre-Qualified: 12-Year-Old SaaS Payment Platform | $186K MRR | Owner Works Minimal Hours,"$7,000,000","$2,398,103","$2,069,031","SBA Pre-Qualified: 12-Year-Old SaaS Payment Platform | $186K MRR | Owner Works Minimal Hours $7,000,000 Revenue: $2,398,103 Income: $2,069,031 Saas Business",https://quietlight.com/listings/16590131/,SaaS
QuietLight,Interactive Church Livestream SaaS Platform | $1K+ Customer LTV | Sales/Marketing Experience Needed,"$50,000","$33,743",,"Interactive Church Livestream SaaS Platform | $1K+ Customer LTV | Sales/Marketing Experience Needed $50,000 Revenue: $33,743 Income: $-3,705 Saas Business",https://quietlight.com/listings/17585011/,SaaS
QuietLight,7-Year-Old HOA SaaS Platform | $700K ARR | 115% NRR | +78% YoY | Integrated Payments | Clear Growth,"$4,200,000","$515,011","$344,050","7-Year-Old HOA SaaS Platform | $700K ARR | 115% NRR | +78% YoY | Integrated Payments | Clear Growth $4,200,000 Revenue: $515,011 Income: $344,050 Saas Business",https://quietlight.com/listings/14999261/,SaaS
QuietLight,10-Year-Old UX Research SaaS | $263K ARR | $156K ARR In Pipeline | $724 ARPU | $11K LTV,"$650,000","$253,366","$189,267","10-Year-Old UX Research SaaS | $263K ARR | $156K ARR In Pipeline | $724 ARPU | $11K LTV $650,000 Revenue: $253,366 Income: $189,267 Saas Business",https://quietlight.com/listings/15366300/,SaaS
QuietLight,14 Year Old Dental SaaS Business | <1% Monthly Churn | $2000+ LTV | 13% YoY Growth,"$350,000","$123,250","$89,619","Under Offer 14 Year Old Dental SaaS Business | <1% Monthly Churn | $2000+ LTV | 13% YoY Growth $350,000 Revenue: $123,250 Income: $89,619 Saas Business",https://quietlight.com/listings/16060068/,SaaS
QuietLight,4-Year-Old Shopify App Portfolio | 4.6% YoY SDE Growth,"$1,430,000","$587,982","$408,640","Under Offer 4-Year-Old Shopify App Portfolio | 4.6% YoY SDE Growth $1,430,000 Revenue: $587,982 Income: $408,640 Saas Business",https://quietlight.com/listings/16814226/,SaaS
BizBuySell,"Auto Part Company W/Full Websites, Ebay, Amazon, Walmart.com StoresBoulder County, CO Established eCommerce/small warehouse/contract manufacturing business with multiple successful products and stores","$6,000,000","$6,000,000","$1,261,582","Auto Part Company W/Full Websites, Ebay, Amazon, Walmart.com StoresBoulder County, CO Established eCommerce/small warehouse/contract manufacturing business with multiple successful products and stores. Extremely scalable and easily expandable to over 1.5MM in sales if you have the...$250,000 Cash Flow: $50,0004$250,000Cash Flow: $50,000ContactProfitable Amazon FBA Beauty Brand with Amazon’s Choice",https://www.bizbuysell.com/business-opportunity/auto-part-company-w-full-websites-ebay-amazon-walmart-com-stores/2063617/,Amazon FBA
BizBuySell,"Profitable Amazon FBA Beauty Brand with Amazon’s Choice ProductNew York, NY This Amazon FBA business (FBA73647) was established in May 2020 and specializes in beauty products, specifically dispenser b","$6,000,000","$6,000,000","$1,261,582","Auto Part Company W/Full Websites, Ebay, Amazon, Walmart.com StoresBoulder County, CO Established eCommerce/small warehouse/contract manufacturing business with multiple successful products and stores. Extremely scalable and easily expandable to over 1.5MM in sales if you have the...$250,000 Cash Flow: $50,0004$250,000Cash Flow: $50,000ContactProfitable Amazon FBA Beauty Brand with Amazon’s Choice",https://www.bizbuysell.com/business-opportunity/profitable-amazon-fba-beauty-brand-with-amazons-choice-product/2332150/,Amazon FBA
BizBuySell,"Thriving Amazon Cleaning Products Store – $886K Sales, $124K Profit –Charlotte, NC This cleaning product eCommerce store is a plug-and-play opportunity with built-in, long-term supplier relationships ","$6,000,000","$6,000,000","$1,261,582","Auto Part Company W/Full Websites, Ebay, Amazon, Walmart.com StoresBoulder County, CO Established eCommerce/small warehouse/contract manufacturing business with multiple successful products and stores. Extremely scalable and easily expandable to over 1.5MM in sales if you have the...$250,000 Cash Flow: $50,0004$250,000Cash Flow: $50,000ContactProfitable Amazon FBA Beauty Brand with Amazon’s Choice",https://www.bizbuysell.com/business-opportunity/thriving-amazon-cleaning-products-store-886k-sales-124k-profit/2384670/,Amazon FBA
BizBuySell,"E-Commerce Camera and Electronics Amazon storeHillsborough County, FL -Store established in 2022. -2022 revenue 400K -2023 revenue 1.3 Million -2024 revenue 3.5 Million -15% Margin -Remote (Business c","$6,000,000","$6,000,000","$1,261,582","Auto Part Company W/Full Websites, Ebay, Amazon, Walmart.com StoresBoulder County, CO Established eCommerce/small warehouse/contract manufacturing business with multiple successful products and stores. Extremely scalable and easily expandable to over 1.5MM in sales if you have the...$250,000 Cash Flow: $50,0004$250,000Cash Flow: $50,000ContactProfitable Amazon FBA Beauty Brand with Amazon’s Choice",https://www.bizbuysell.com/business-opportunity/e-commerce-camera-and-electronics-amazon-store/2331520/,Amazon FBA
BizBuySell,"Baby Essentials Empire with Steady, Recurring RevenueLos Angeles County, CA - No time for bogus inquiries, as this opportunity is for someone ready to take this venture to the next level. - E2 Visa El","$6,000,000","$6,000,000","$1,261,582","Auto Part Company W/Full Websites, Ebay, Amazon, Walmart.com StoresBoulder County, CO Established eCommerce/small warehouse/contract manufacturing business with multiple successful products and stores. Extremely scalable and easily expandable to over 1.5MM in sales if you have the...$250,000 Cash Flow: $50,0004$250,000Cash Flow: $50,000ContactProfitable Amazon FBA Beauty Brand with Amazon’s Choice",https://www.bizbuysell.com/business-opportunity/baby-essentials-empire-with-steady-recurring-revenue/2295704/,Amazon FBA
BizBuySell,"Fast-Growing Branded Amazon FBA Business in the Health & WellnessFlorida This is a growing Amazon FBA business in the highly resilient health and wellness sector, offering a line of branded, premium-q","$6,000,000","$6,000,000","$1,261,582","Auto Part Company W/Full Websites, Ebay, Amazon, Walmart.com StoresBoulder County, CO Established eCommerce/small warehouse/contract manufacturing business with multiple successful products and stores. Extremely scalable and easily expandable to over 1.5MM in sales if you have the...$250,000 Cash Flow: $50,0004$250,000Cash Flow: $50,000ContactProfitable Amazon FBA Beauty Brand with Amazon’s Choice",https://www.bizbuysell.com/business-opportunity/fast-growing-branded-amazon-fba-business-in-the-health-and-wellness/2360984/,Amazon FBA
BizBuySell,"10-Year-Old Amazon FBA and Shopify Nootropics BusinessOhio Launched in 2017, this business sells a premium nootropic supplement designed to support mental focus, clarity, energy, and productivity. The","$6,000,000","$6,000,000","$1,261,582","Auto Part Company W/Full Websites, Ebay, Amazon, Walmart.com StoresBoulder County, CO Established eCommerce/small warehouse/contract manufacturing business with multiple successful products and stores. Extremely scalable and easily expandable to over 1.5MM in sales if you have the...$250,000 Cash Flow: $50,0004$250,000Cash Flow: $50,000ContactProfitable Amazon FBA Beauty Brand with Amazon’s Choice",https://www.bizbuysell.com/business-opportunity/10-year-old-amazon-fba-and-shopify-nootropics-business/2380791/,Amazon FBA
BizBuySell,"Kitchen & Home Essentials E-Com Store | Multi-Platform | 3PLLawrenceville, GA This is a turnkey, fully remote e-commerce business specializing in kitchen and household essentials, with active sales ch","$6,000,000","$6,000,000","$1,261,582","Auto Part Company W/Full Websites, Ebay, Amazon, Walmart.com StoresBoulder County, CO Established eCommerce/small warehouse/contract manufacturing business with multiple successful products and stores. Extremely scalable and easily expandable to over 1.5MM in sales if you have the...$250,000 Cash Flow: $50,0004$250,000Cash Flow: $50,000ContactProfitable Amazon FBA Beauty Brand with Amazon’s Choice",https://www.bizbuysell.com/business-opportunity/kitchen-and-home-essentials-e-com-store-multi-platform-3pl/2380442/,Amazon FBA
BizBuySell,"Exclusive Sports Merchandise Wholesaler BusinessOrlando, FL This well-established, profitable business distributes officially licensed NFL merchandise and operates across major eCommerce platforms, in","$6,000,000","$6,000,000","$1,261,582","Auto Part Company W/Full Websites, Ebay, Amazon, Walmart.com StoresBoulder County, CO Established eCommerce/small warehouse/contract manufacturing business with multiple successful products and stores. Extremely scalable and easily expandable to over 1.5MM in sales if you have the...$250,000 Cash Flow: $50,0004$250,000Cash Flow: $50,000ContactProfitable Amazon FBA Beauty Brand with Amazon’s Choice",https://www.bizbuysell.com/business-opportunity/exclusive-sports-merchandise-wholesaler-business/2379779/,Amazon FBA
BizBuySell,"Year-Round Essentials Amazon Store | $102K Profit | Quick SaleCleveland, OH Founded in 2020, this Amazon FBA operation focuses on recession-resistant everyday favorites—Stanley Tumblers, Puffs Plus ti","$6,000,000","$6,000,000","$1,261,582","Auto Part Company W/Full Websites, Ebay, Amazon, Walmart.com StoresBoulder County, CO Established eCommerce/small warehouse/contract manufacturing business with multiple successful products and stores. Extremely scalable and easily expandable to over 1.5MM in sales if you have the...$250,000 Cash Flow: $50,0004$250,000Cash Flow: $50,000ContactProfitable Amazon FBA Beauty Brand with Amazon’s Choice",https://www.bizbuysell.com/business-opportunity/year-round-essentials-amazon-store-102k-profit-quick-sale/2378919/,Amazon FBA
BizBuySell,"Profitable Amazon FBA Sports Brand – $6.8K Monthly Profit – 27% MarginBrooklyn, NY FBA83458-1222FE Offered by Fifth Avenue Brokerage Firm in New York, this listing presents a highly efficient and prof","$6,000,000","$6,000,000","$1,261,582","Auto Part Company W/Full Websites, Ebay, Amazon, Walmart.com StoresBoulder County, CO Established eCommerce/small warehouse/contract manufacturing business with multiple successful products and stores. Extremely scalable and easily expandable to over 1.5MM in sales if you have the...$250,000 Cash Flow: $50,0004$250,000Cash Flow: $50,000ContactProfitable Amazon FBA Beauty Brand with Amazon’s Choice",https://www.bizbuysell.com/business-opportunity/profitable-amazon-fba-sports-brand-6-8k-monthly-profit-27-margin/2355694/,Amazon FBA
BizBuySell,"Well-known, brand-name guitar pedal company for sale.San Diego, CA Office Website www.boomeranglooper.com Amazon Store https://www.amazon.com/s?srs=88092440011 My name is Alex Kova. I’m the owner and ","$6,000,000","$6,000,000","$1,261,582","Auto Part Company W/Full Websites, Ebay, Amazon, Walmart.com StoresBoulder County, CO Established eCommerce/small warehouse/contract manufacturing business with multiple successful products and stores. Extremely scalable and easily expandable to over 1.5MM in sales if you have the...$250,000 Cash Flow: $50,0004$250,000Cash Flow: $50,000ContactProfitable Amazon FBA Beauty Brand with Amazon’s Choice",https://www.bizbuysell.com/business-opportunity/well-known-brand-name-guitar-pedal-company-for-sale/2376858/,Amazon FBA
BizBuySell,"Fully Managed Wholesale Business – Passive Income OpportunityHillsborough County, FL This business is a thriving wholesale operation designed for entrepreneurs looking for a turnkey, scalable, and pro","$6,000,000","$6,000,000","$1,261,582","Auto Part Company W/Full Websites, Ebay, Amazon, Walmart.com StoresBoulder County, CO Established eCommerce/small warehouse/contract manufacturing business with multiple successful products and stores. Extremely scalable and easily expandable to over 1.5MM in sales if you have the...$250,000 Cash Flow: $50,0004$250,000Cash Flow: $50,000ContactProfitable Amazon FBA Beauty Brand with Amazon’s Choice",https://www.bizbuysell.com/business-opportunity/fully-managed-wholesale-business-passive-income-opportunity/2319314/,Amazon FBA
BizBuySell,"Everyday Household & Automotive Consumables Supplier Contract IncludedStatesville, NC This is a well-structured and profitable Amazon FBA business offering a line of everyday-use consumable products i","$6,000,000","$6,000,000","$1,261,582","Auto Part Company W/Full Websites, Ebay, Amazon, Walmart.com StoresBoulder County, CO Established eCommerce/small warehouse/contract manufacturing business with multiple successful products and stores. Extremely scalable and easily expandable to over 1.5MM in sales if you have the...$250,000 Cash Flow: $50,0004$250,000Cash Flow: $50,000ContactProfitable Amazon FBA Beauty Brand with Amazon’s Choice",https://www.bizbuysell.com/business-opportunity/everyday-household-and-automotive-consumables-supplier-contract-included/2373282/,Amazon FBA
BizBuySell,Timeless Jewelry Brand for KidsUtah Relay Partners presents a children’s jewelry brand with incredible underlying financials that is looking for new ownership to allow the current owner to retire. The,"$6,000,000","$6,000,000","$1,261,582","Auto Part Company W/Full Websites, Ebay, Amazon, Walmart.com StoresBoulder County, CO Established eCommerce/small warehouse/contract manufacturing business with multiple successful products and stores. Extremely scalable and easily expandable to over 1.5MM in sales if you have the...$250,000 Cash Flow: $50,0004$250,000Cash Flow: $50,000ContactProfitable Amazon FBA Beauty Brand with Amazon’s Choice",https://www.bizbuysell.com/business-opportunity/timeless-jewelry-brand-for-kids/2301659/,Amazon FBA
BizBuySell,"Niche Wholesale Office Supplies | Turnkey, 5+ Years- Amazon FBAAlbany, CA For sale is a fully automated Amazon FBA business specializing in wholesale office supplies, operating for over 5 years with c","$6,000,000","$6,000,000","$1,261,582","Auto Part Company W/Full Websites, Ebay, Amazon, Walmart.com StoresBoulder County, CO Established eCommerce/small warehouse/contract manufacturing business with multiple successful products and stores. Extremely scalable and easily expandable to over 1.5MM in sales if you have the...$250,000 Cash Flow: $50,0004$250,000Cash Flow: $50,000ContactProfitable Amazon FBA Beauty Brand with Amazon’s Choice",https://www.bizbuysell.com/business-opportunity/niche-wholesale-office-supplies-turnkey-5-years-amazon-fba/2366510/,Amazon FBA
BizBuySell,"Full-Service E-Commerce Prep Center 3PL - 8+ Years in BusinessWilliamson County, IL This Ecommerce prep center located in the mid-west offers good proximity to Amazon FBA Fulfillment Centers. The comp","$6,000,000","$6,000,000","$1,261,582","Auto Part Company W/Full Websites, Ebay, Amazon, Walmart.com StoresBoulder County, CO Established eCommerce/small warehouse/contract manufacturing business with multiple successful products and stores. Extremely scalable and easily expandable to over 1.5MM in sales if you have the...$250,000 Cash Flow: $50,0004$250,000Cash Flow: $50,000ContactProfitable Amazon FBA Beauty Brand with Amazon’s Choice",https://www.bizbuysell.com/business-opportunity/full-service-e-commerce-prep-center-3pl-8-years-in-business/2366258/,Amazon FBA
BizBuySell,"Thriving Amazon Pet Store – 6 Years of Success & Growth in the Pet IndChicago, IL A Decade of Trust and Quality in Pet Products Since 2018, our brand has been a trusted name in the pet industry, offer","$6,000,000","$6,000,000","$1,261,582","Auto Part Company W/Full Websites, Ebay, Amazon, Walmart.com StoresBoulder County, CO Established eCommerce/small warehouse/contract manufacturing business with multiple successful products and stores. Extremely scalable and easily expandable to over 1.5MM in sales if you have the...$250,000 Cash Flow: $50,0004$250,000Cash Flow: $50,000ContactProfitable Amazon FBA Beauty Brand with Amazon’s Choice",https://www.bizbuysell.com/business-opportunity/thriving-amazon-pet-store-6-years-of-success-and-growth-in-the-pet-ind/2343699/,Amazon FBA
BizBuySell,"Grocery Chain and Online Nat'l DistributionAustin, TX We built it, now it’s ready to scale. 40% margins. Streamlined business you can run from anywhere....you’ll get an operation that has very little ","$6,000,000","$6,000,000","$1,261,582","Auto Part Company W/Full Websites, Ebay, Amazon, Walmart.com StoresBoulder County, CO Established eCommerce/small warehouse/contract manufacturing business with multiple successful products and stores. Extremely scalable and easily expandable to over 1.5MM in sales if you have the...$250,000 Cash Flow: $50,0004$250,000Cash Flow: $50,000ContactProfitable Amazon FBA Beauty Brand with Amazon’s Choice",https://www.bizbuysell.com/business-opportunity/grocery-chain-and-online-nat-l-distribution/2292994/,Amazon FBA
BizBuySell,"Own a Thriving Fashion Brand: Established E-Commerce Business AvailablDenver, CO Since 2014, our brand has been synonymous with quality and innovation in the world of apparel. Built on a foundation of","$6,000,000","$6,000,000","$1,261,582","Auto Part Company W/Full Websites, Ebay, Amazon, Walmart.com StoresBoulder County, CO Established eCommerce/small warehouse/contract manufacturing business with multiple successful products and stores. Extremely scalable and easily expandable to over 1.5MM in sales if you have the...$250,000 Cash Flow: $50,0004$250,000Cash Flow: $50,000ContactProfitable Amazon FBA Beauty Brand with Amazon’s Choice",https://www.bizbuysell.com/business-opportunity/own-a-thriving-fashion-brand-established-e-commerce-business-availabl/2313293/,Amazon FBA
BizBuySell,"Profitable Amazon Apparel Store: 10 Years of SuccessHouston, TX A Decade of Style and Success Since 2014, our brand has been a trusted name in the world of fashion, offering high-quality apparel that ","$6,000,000","$6,000,000","$1,261,582","Auto Part Company W/Full Websites, Ebay, Amazon, Walmart.com StoresBoulder County, CO Established eCommerce/small warehouse/contract manufacturing business with multiple successful products and stores. Extremely scalable and easily expandable to over 1.5MM in sales if you have the...$250,000 Cash Flow: $50,0004$250,000Cash Flow: $50,000ContactProfitable Amazon FBA Beauty Brand with Amazon’s Choice",https://www.bizbuysell.com/business-opportunity/profitable-amazon-apparel-store-10-years-of-success/2331671/,Amazon FBA
BizBuySell,"EcoLife EssentialsWashington County, TX Business Description EcoLife Essentials is a profitable and well-established online retailer specializing in eco-friendly home products, including reusable kitc","$6,000,000","$6,000,000","$1,261,582","Auto Part Company W/Full Websites, Ebay, Amazon, Walmart.com StoresBoulder County, CO Established eCommerce/small warehouse/contract manufacturing business with multiple successful products and stores. Extremely scalable and easily expandable to over 1.5MM in sales if you have the...$250,000 Cash Flow: $50,0004$250,000Cash Flow: $50,000ContactProfitable Amazon FBA Beauty Brand with Amazon’s Choice",https://www.bizbuysell.com/business-opportunity/ecolife-essentials/2330118/,Amazon FBA
BizBuySell,"Home Brand Highly Rated on Website & AmazonVan Nuys, CA Business Overview: This dynamic and growing e-commerce business offers an innovative and unique product line of high-quality storage solutions f","$6,000,000","$6,000,000","$1,261,582","Auto Part Company W/Full Websites, Ebay, Amazon, Walmart.com StoresBoulder County, CO Established eCommerce/small warehouse/contract manufacturing business with multiple successful products and stores. Extremely scalable and easily expandable to over 1.5MM in sales if you have the...$250,000 Cash Flow: $50,0004$250,000Cash Flow: $50,000ContactProfitable Amazon FBA Beauty Brand with Amazon’s Choice",https://www.bizbuysell.com/business-opportunity/home-brand-highly-rated-on-website-and-amazon/2286694/,Amazon FBA
BizBuySell,"Powdered Nutrition eCommerce Brand | 250% YOY Growth | 35% RepeatsTampa, FL WebsiteClosers® presents a premium eCommerce Brand strategically positioned at the intersection of Functional Wellness, Adap","$6,000,000","$6,000,000","$1,261,582","Auto Part Company W/Full Websites, Ebay, Amazon, Walmart.com StoresBoulder County, CO Established eCommerce/small warehouse/contract manufacturing business with multiple successful products and stores. Extremely scalable and easily expandable to over 1.5MM in sales if you have the...$250,000 Cash Flow: $50,0004$250,000Cash Flow: $50,000ContactProfitable Amazon FBA Beauty Brand with Amazon’s Choice",https://www.bizbuysell.com/business-opportunity/powdered-nutrition-ecommerce-brand-250-yoy-growth-35-repeats/2385547/,Amazon FBA
BizBuySell,"Sheet/Tube shop with new laser machinery and branded productsBrea, CA This listing is a FSBO listing. This well equipped sheet metal and tube products manufacturer has been in business since 1982. It ","$6,000,000","$6,000,000","$1,261,582","Auto Part Company W/Full Websites, Ebay, Amazon, Walmart.com StoresBoulder County, CO Established eCommerce/small warehouse/contract manufacturing business with multiple successful products and stores. Extremely scalable and easily expandable to over 1.5MM in sales if you have the...$250,000 Cash Flow: $50,0004$250,000Cash Flow: $50,000ContactProfitable Amazon FBA Beauty Brand with Amazon’s Choice",https://www.bizbuysell.com/business-opportunity/sheet-tube-shop-with-new-laser-machinery-and-branded-products/2327187/,Amazon FBA
BizBuySell,"Sleep Products – Bricks & Mortar plus OnlineMaricopa County, AZ Highly Rated Bedding Retailer Serving Growing Arizona Market Proudly positioned as a leading retailer in the bedding industry, this repu","$6,000,000","$6,000,000","$1,261,582","Auto Part Company W/Full Websites, Ebay, Amazon, Walmart.com StoresBoulder County, CO Established eCommerce/small warehouse/contract manufacturing business with multiple successful products and stores. Extremely scalable and easily expandable to over 1.5MM in sales if you have the...$250,000 Cash Flow: $50,0004$250,000Cash Flow: $50,000ContactProfitable Amazon FBA Beauty Brand with Amazon’s Choice",https://www.bizbuysell.com/business-opportunity/sleep-products-bricks-and-mortar-plus-online/2296505/,Amazon FBA
BizBuySell,"Bridal Buddy Ecommerce Brand with IP & Inventory As Seen on Shark TankBridal Buddy: A trademarked, Media-Validated E-commerce Powerhouse with Significant Growth Potential Step into ownership of Bridal","$6,000,000","$6,000,000","$1,261,582","Auto Part Company W/Full Websites, Ebay, Amazon, Walmart.com StoresBoulder County, CO Established eCommerce/small warehouse/contract manufacturing business with multiple successful products and stores. Extremely scalable and easily expandable to over 1.5MM in sales if you have the...$250,000 Cash Flow: $50,0004$250,000Cash Flow: $50,000ContactProfitable Amazon FBA Beauty Brand with Amazon’s Choice",https://www.bizbuysell.com/business-opportunity/bridal-buddy-ecommerce-brand-with-ip-and-inventory-as-seen-on-shark-tank/2382480/,Amazon FBA
BizBuySell,"Profitable UK Novelty Empire: $6M Revenue, $644K ProfitSheffield Leading UK Fancy Dress & Party Products Business Key Highlights Proven Profitability: $6M annual revenue with $644K adjusted EBITDA - g","$6,000,000","$6,000,000","$1,261,582","Auto Part Company W/Full Websites, Ebay, Amazon, Walmart.com StoresBoulder County, CO Established eCommerce/small warehouse/contract manufacturing business with multiple successful products and stores. Extremely scalable and easily expandable to over 1.5MM in sales if you have the...$250,000 Cash Flow: $50,0004$250,000Cash Flow: $50,000ContactProfitable Amazon FBA Beauty Brand with Amazon’s Choice",https://www.bizbuysell.com/business-opportunity/profitable-uk-novelty-empire-6m-revenue-644k-profit/2381871/,Amazon FBA
BizBuySell,"Amazon FBA eCommerce Brand | Water Filtration Products | 10 Year BizTampa, FL WebsiteClosers® presents a 10-year-old, high-performance Amazon FBA eCommerce brand operating in the surging Home Water Fi","$6,000,000","$6,000,000","$1,261,582","Auto Part Company W/Full Websites, Ebay, Amazon, Walmart.com StoresBoulder County, CO Established eCommerce/small warehouse/contract manufacturing business with multiple successful products and stores. Extremely scalable and easily expandable to over 1.5MM in sales if you have the...$250,000 Cash Flow: $50,0004$250,000Cash Flow: $50,000ContactProfitable Amazon FBA Beauty Brand with Amazon’s Choice",https://www.bizbuysell.com/business-opportunity/amazon-fba-ecommerce-brand-water-filtration-products-10-year-biz/2380830/,Amazon FBA
BizBuySell,"Amazon FBA eCommerce Brand | Home & Kitchen | Proprietary SoftwareTampa, FL WebsiteClosers® presents a rare opportunity to acquire a fast-scaling, tech-enabled eCommerce brand that’s redefining the th","$6,000,000","$6,000,000","$1,261,582","Auto Part Company W/Full Websites, Ebay, Amazon, Walmart.com StoresBoulder County, CO Established eCommerce/small warehouse/contract manufacturing business with multiple successful products and stores. Extremely scalable and easily expandable to over 1.5MM in sales if you have the...$250,000 Cash Flow: $50,0004$250,000Cash Flow: $50,000ContactProfitable Amazon FBA Beauty Brand with Amazon’s Choice",https://www.bizbuysell.com/business-opportunity/amazon-fba-ecommerce-brand-home-and-kitchen-proprietary-software/2380349/,Amazon FBA
BizBuySell,"Amazon Canada Supplier Online StoreBritish Columbia, BC Profitable Amazon Canada Store – Health & Wellness Niche with $80K Inventory Included Unique opportunity to acquire a thriving Amazon storefront","$6,000,000","$6,000,000","$1,261,582","Auto Part Company W/Full Websites, Ebay, Amazon, Walmart.com StoresBoulder County, CO Established eCommerce/small warehouse/contract manufacturing business with multiple successful products and stores. Extremely scalable and easily expandable to over 1.5MM in sales if you have the...$250,000 Cash Flow: $50,0004$250,000Cash Flow: $50,000ContactProfitable Amazon FBA Beauty Brand with Amazon’s Choice",https://www.bizbuysell.com/business-opportunity/amazon-canada-supplier-online-store/2377873/,Amazon FBA
BizBuySell,"Profitable Kitchen Goods eCommerce - Brand Registered Amazon FBA ReadyArvada, CO Business Highlights: - Two high-quality, health-conscious kitchen items engineered to eliminate exposure to microplasti","$6,000,000","$6,000,000","$1,261,582","Auto Part Company W/Full Websites, Ebay, Amazon, Walmart.com StoresBoulder County, CO Established eCommerce/small warehouse/contract manufacturing business with multiple successful products and stores. Extremely scalable and easily expandable to over 1.5MM in sales if you have the...$250,000 Cash Flow: $50,0004$250,000Cash Flow: $50,000ContactProfitable Amazon FBA Beauty Brand with Amazon’s Choice",https://www.bizbuysell.com/business-opportunity/profitable-kitchen-goods-ecommerce-brand-registered-amazon-fba-ready/2379126/,Amazon FBA
BizBuySell,"eCommerce Portfolio of 10 Brands | Amazon FBA Channel | Semi-AbsenteeTampa, FL WebsiteClosers® proudly presents a rare opportunity to acquire a highly scalable and diversified eCommerce portfolio, uni","$6,000,000","$6,000,000","$1,261,582","Auto Part Company W/Full Websites, Ebay, Amazon, Walmart.com StoresBoulder County, CO Established eCommerce/small warehouse/contract manufacturing business with multiple successful products and stores. Extremely scalable and easily expandable to over 1.5MM in sales if you have the...$250,000 Cash Flow: $50,0004$250,000Cash Flow: $50,000ContactProfitable Amazon FBA Beauty Brand with Amazon’s Choice",https://www.bizbuysell.com/business-opportunity/ecommerce-portfolio-of-10-brands-amazon-fba-channel-semi-absentee/2377160/,Amazon FBA
BizBuySell,"Amazon FBA Brand | Home Improvement & Hardware VerticalTampa, FL WebsiteClosers® presents a 13-year Amazon FBA eCommerce Brand that has established itself as a key player in the Home Improvement and H","$6,000,000","$6,000,000","$1,261,582","Auto Part Company W/Full Websites, Ebay, Amazon, Walmart.com StoresBoulder County, CO Established eCommerce/small warehouse/contract manufacturing business with multiple successful products and stores. Extremely scalable and easily expandable to over 1.5MM in sales if you have the...$250,000 Cash Flow: $50,0004$250,000Cash Flow: $50,000ContactProfitable Amazon FBA Beauty Brand with Amazon’s Choice",https://www.bizbuysell.com/business-opportunity/amazon-fba-brand-home-improvement-and-hardware-vertical/2376754/,Amazon FBA
BizBuySell,"eCommerce Amazon FBA Brand | Apparel & Accessories | 16% MarginsTampa, FL WebsiteClosers® presents an Amazon eCommerce Marketing Specialist, experts in reselling Apparel and Accessories from big brand","$6,000,000","$6,000,000","$1,261,582","Auto Part Company W/Full Websites, Ebay, Amazon, Walmart.com StoresBoulder County, CO Established eCommerce/small warehouse/contract manufacturing business with multiple successful products and stores. Extremely scalable and easily expandable to over 1.5MM in sales if you have the...$250,000 Cash Flow: $50,0004$250,000Cash Flow: $50,000ContactProfitable Amazon FBA Beauty Brand with Amazon’s Choice",https://www.bizbuysell.com/business-opportunity/ecommerce-amazon-fba-brand-apparel-and-accessories-16-margins/2376722/,Amazon FBA
BizBuySell,"SBA Pre-Qualified: Amazon FBA Health and Wellness Supplement CompanyTexas Founded in 2016, this company has established itself as a trusted brand in the Health and Wellness Supplement space. With high","$6,000,000","$6,000,000","$1,261,582","Auto Part Company W/Full Websites, Ebay, Amazon, Walmart.com StoresBoulder County, CO Established eCommerce/small warehouse/contract manufacturing business with multiple successful products and stores. Extremely scalable and easily expandable to over 1.5MM in sales if you have the...$250,000 Cash Flow: $50,0004$250,000Cash Flow: $50,000ContactProfitable Amazon FBA Beauty Brand with Amazon’s Choice",https://www.bizbuysell.com/business-opportunity/sba-pre-qualified-amazon-fba-health-and-wellness-supplement-company/2261948/,Amazon FBA
BizBuySell,"Profitable Ecommerce Tools & Software BusinessesWenatchee, WA Business Overview Seize this unique opportunity to acquire two synergistic online businesses positioned at the heart of the booming eComme","$6,000,000","$6,000,000","$1,261,582","Auto Part Company W/Full Websites, Ebay, Amazon, Walmart.com StoresBoulder County, CO Established eCommerce/small warehouse/contract manufacturing business with multiple successful products and stores. Extremely scalable and easily expandable to over 1.5MM in sales if you have the...$250,000 Cash Flow: $50,0004$250,000Cash Flow: $50,000ContactProfitable Amazon FBA Beauty Brand with Amazon’s Choice",https://www.bizbuysell.com/business-opportunity/profitable-ecommerce-tools-and-software-businesses/2243342/,Amazon FBA
BizBuySell,"Amazon FBA Sports Accessories Business with High AOVDallas County, TX Business Overview This 8 year old business is a cutting-edge sports accessory business specializing in innovative wristbands desig","$6,000,000","$6,000,000","$1,261,582","Auto Part Company W/Full Websites, Ebay, Amazon, Walmart.com StoresBoulder County, CO Established eCommerce/small warehouse/contract manufacturing business with multiple successful products and stores. Extremely scalable and easily expandable to over 1.5MM in sales if you have the...$250,000 Cash Flow: $50,0004$250,000Cash Flow: $50,000ContactProfitable Amazon FBA Beauty Brand with Amazon’s Choice",https://www.bizbuysell.com/business-opportunity/amazon-fba-sports-accessories-business-with-high-aov/2361894/,Amazon FBA
BizBuySell,"FBA Popular Socks and Shoe BrandsBernalillo County, NM With its impressive growth trajectory and steadily increasing cash flow, this opportunity is a niche e-commerce company specializing in high-qual","$6,000,000","$6,000,000","$1,261,582","Auto Part Company W/Full Websites, Ebay, Amazon, Walmart.com StoresBoulder County, CO Established eCommerce/small warehouse/contract manufacturing business with multiple successful products and stores. Extremely scalable and easily expandable to over 1.5MM in sales if you have the...$250,000 Cash Flow: $50,0004$250,000Cash Flow: $50,000ContactProfitable Amazon FBA Beauty Brand with Amazon’s Choice",https://www.bizbuysell.com/business-opportunity/fba-popular-socks-and-shoe-brands/2333748/,Amazon FBA
BizBuySell,"FDA-Approved Food Manufacturing Business for Sale with Amazon SalesLos Angeles County, CA Are you looking to acquire an FDA-approved food manufacturing facility for sale with established eCommerce sal","$6,000,000","$6,000,000","$1,261,582","Auto Part Company W/Full Websites, Ebay, Amazon, Walmart.com StoresBoulder County, CO Established eCommerce/small warehouse/contract manufacturing business with multiple successful products and stores. Extremely scalable and easily expandable to over 1.5MM in sales if you have the...$250,000 Cash Flow: $50,0004$250,000Cash Flow: $50,000ContactProfitable Amazon FBA Beauty Brand with Amazon’s Choice",https://www.bizbuysell.com/business-opportunity/fda-approved-food-manufacturing-business-for-sale-with-amazon-sales/2374099/,Amazon FBA
BizBuySell,"Scalable Sports Nutrition Brand – Established E-Commerce & WholesaleThriving Supplement Brand Serving Fitness Professionals & E-Commerce Consumers Nationwide, specializing in gyms. Overview This is a ","$6,000,000","$6,000,000","$1,261,582","Auto Part Company W/Full Websites, Ebay, Amazon, Walmart.com StoresBoulder County, CO Established eCommerce/small warehouse/contract manufacturing business with multiple successful products and stores. Extremely scalable and easily expandable to over 1.5MM in sales if you have the...$250,000 Cash Flow: $50,0004$250,000Cash Flow: $50,000ContactProfitable Amazon FBA Beauty Brand with Amazon’s Choice",https://www.bizbuysell.com/business-opportunity/scalable-sports-nutrition-brand-established-e-commerce-and-wholesale/2351212/,Amazon FBA
BizBuySell,"Amazon FBA eCom Brand | Unique Travel Products | #1 Best Seller TagsTampa, FL WebsiteClosers® presents an Amazon-based eCommerce Lifestyle & Travel-focused brand specializing in Traveler products that","$6,000,000","$6,000,000","$1,261,582","Auto Part Company W/Full Websites, Ebay, Amazon, Walmart.com StoresBoulder County, CO Established eCommerce/small warehouse/contract manufacturing business with multiple successful products and stores. Extremely scalable and easily expandable to over 1.5MM in sales if you have the...$250,000 Cash Flow: $50,0004$250,000Cash Flow: $50,000ContactProfitable Amazon FBA Beauty Brand with Amazon’s Choice",https://www.bizbuysell.com/business-opportunity/amazon-fba-ecom-brand-unique-travel-products-1-best-seller-tags/2371063/,Amazon FBA
BizBuySell,"Amazon FBA eCommerce Business (2 Brands) | Aftermarket Auto Lighting |Tampa, FL WebsiteClosers® presents two high-growth Amazon-based eCommerce businesses in the Aftermarket Auto Lighting industry. Wi","$6,000,000","$6,000,000","$1,261,582","Auto Part Company W/Full Websites, Ebay, Amazon, Walmart.com StoresBoulder County, CO Established eCommerce/small warehouse/contract manufacturing business with multiple successful products and stores. Extremely scalable and easily expandable to over 1.5MM in sales if you have the...$250,000 Cash Flow: $50,0004$250,000Cash Flow: $50,000ContactProfitable Amazon FBA Beauty Brand with Amazon’s Choice",https://www.bizbuysell.com/business-opportunity/amazon-fba-ecommerce-business-2-brands-aftermarket-auto-lighting/2370982/,Amazon FBA
BizBuySell,"Mushroom Supplements, holistic healingBrooklyn, NY This is a ready-to-go eCommerce business in the booming health & wellness industry, selling premium mushroom supplements. Originally launched on Etsy","$6,000,000","$6,000,000","$1,261,582","Auto Part Company W/Full Websites, Ebay, Amazon, Walmart.com StoresBoulder County, CO Established eCommerce/small warehouse/contract manufacturing business with multiple successful products and stores. Extremely scalable and easily expandable to over 1.5MM in sales if you have the...$250,000 Cash Flow: $50,0004$250,000Cash Flow: $50,000ContactProfitable Amazon FBA Beauty Brand with Amazon’s Choice",https://www.bizbuysell.com/business-opportunity/mushroom-supplements-holistic-healing/2344730/,Amazon FBA
BizBuySell,"High-Margin Cosmetics Brand with Scalable Infrastructure | $219K SDESan Antonio, TX This is a rare opportunity to acquire a premium cosmetics brand serving a high-growth niche market. The business sel","$6,000,000","$6,000,000","$1,261,582","Auto Part Company W/Full Websites, Ebay, Amazon, Walmart.com StoresBoulder County, CO Established eCommerce/small warehouse/contract manufacturing business with multiple successful products and stores. Extremely scalable and easily expandable to over 1.5MM in sales if you have the...$250,000 Cash Flow: $50,0004$250,000Cash Flow: $50,000ContactProfitable Amazon FBA Beauty Brand with Amazon’s Choice",https://www.bizbuysell.com/business-opportunity/high-margin-cosmetics-brand-with-scalable-infrastructure-219k-sde/2370499/,Amazon FBA
BizBuySell,"Ecommerce Brand Selling Physical Therapy ToolsArizona Founded in 2015 by a chiropractor, this health and wellness brand has grown into a highly respected name, specializing in patented tools used for ","$6,000,000","$6,000,000","$1,261,582","Auto Part Company W/Full Websites, Ebay, Amazon, Walmart.com StoresBoulder County, CO Established eCommerce/small warehouse/contract manufacturing business with multiple successful products and stores. Extremely scalable and easily expandable to over 1.5MM in sales if you have the...$250,000 Cash Flow: $50,0004$250,000Cash Flow: $50,000ContactProfitable Amazon FBA Beauty Brand with Amazon’s Choice",https://www.bizbuysell.com/business-opportunity/ecommerce-brand-selling-physical-therapy-tools/2278788/,Amazon FBA
BizBuySell,"Amazon FBA eCommerce Brand | Exclusive Designer-Inspired Bags & TotesTampa, FL WebsiteClosers® presents an Amazon FBA eCommerce Brand focused on Women’s Handbags and Laptop Totes in the fast-growing F","$6,000,000","$6,000,000","$1,261,582","Auto Part Company W/Full Websites, Ebay, Amazon, Walmart.com StoresBoulder County, CO Established eCommerce/small warehouse/contract manufacturing business with multiple successful products and stores. Extremely scalable and easily expandable to over 1.5MM in sales if you have the...$250,000 Cash Flow: $50,0004$250,000Cash Flow: $50,000ContactProfitable Amazon FBA Beauty Brand with Amazon’s Choice",https://www.bizbuysell.com/business-opportunity/amazon-fba-ecommerce-brand-exclusive-designer-inspired-bags-and-totes/2369583/,Amazon FBA
BizBuySell,"12 Year eCommerce Brand | Diamond Polishing Compounds & ToolsTampa, FL WebsiteClosers® presents a thriving eCommerce brand specializing in Diamond Polishing Compounds and Tools. Strategically located ","$6,000,000","$6,000,000","$1,261,582","Auto Part Company W/Full Websites, Ebay, Amazon, Walmart.com StoresBoulder County, CO Established eCommerce/small warehouse/contract manufacturing business with multiple successful products and stores. Extremely scalable and easily expandable to over 1.5MM in sales if you have the...$250,000 Cash Flow: $50,0004$250,000Cash Flow: $50,000ContactProfitable Amazon FBA Beauty Brand with Amazon’s Choice",https://www.bizbuysell.com/business-opportunity/12-year-ecommerce-brand-diamond-polishing-compounds-and-tools/2367037/,Amazon FBA
BizBuySell,"High-Growth Amazon FBA eCommerce Brand | Smartphone Screen ProtectorsTampa, FL WebsiteClosers® presents a DTC eCommerce company that specializes in high-quality, premium screen protectors for smartpho","$6,000,000","$6,000,000","$1,261,582","Auto Part Company W/Full Websites, Ebay, Amazon, Walmart.com StoresBoulder County, CO Established eCommerce/small warehouse/contract manufacturing business with multiple successful products and stores. Extremely scalable and easily expandable to over 1.5MM in sales if you have the...$250,000 Cash Flow: $50,0004$250,000Cash Flow: $50,000ContactProfitable Amazon FBA Beauty Brand with Amazon’s Choice",https://www.bizbuysell.com/business-opportunity/high-growth-amazon-fba-ecommerce-brand-smartphone-screen-protectors/2366991/,Amazon FBA
Investors,LISTINGS,,,,BUY SELL PREMIUM LISTINGS,https://investors.club/listings/,General Business
Investors,Managed by Broker,,,,Managed by Broker,https://investors.club/business/brokered/,General Business
Investors,Cash Flow,,,,"Cash Flow, Established, Internet, Profitable",https://investors.club/business/cash-flow/,General Business
Investors,Established,,,,"Cash Flow, Established, Internet, Profitable",https://investors.club/business/established/,General Business
Investors,Internet,,,,"Cash Flow, Established, Internet, Profitable",https://investors.club/business/internet/,General Business
Investors,Profitable,,,,"Cash Flow, Established, Internet, Profitable",https://investors.club/business/profitable/,General Business
Investors,For Sale by Owner,,,,For Sale by Owner,https://investors.club/business/for-sale-by-owner/,General Business
Investors,Home Based,,,,"Established, Home Based, Internet, Profitable",https://investors.club/business/home-based/,General Business
Investors,Passive Income Businesses for Sale,,,,Websites for Sale Startups for Sale Blogs for Sale Businesses for Sale by Owner WordPress Websites for Sale Amazon Businesses for Sale Ecommerce Businesses for Sale Shopify Stores for Sale Amazon FBA Businesses for Sale Amazon KDP Businesses for Sale Apps for Sale SaaS Businesses for Sale Affiliate Websites for Sale AdSense Websites for Sale Newsletters for Sale Service Businesses for Sale Socia,https://investors.club/business/passive-income/,Amazon FBA
WebsiteProperties,Patented Innovative Camouflage Products Ecommerce Business,,,,Current! Patented Innovative Camouflage Products Ecommerce Business Amazon in Retail Outdoor Equipment Home Based Business Opportunity,https://websiteproperties.com/websites/13769-patented-innovative-camouflage-products-ecommerce-business/,Amazon FBA
WebsiteProperties,Thriving Amazon FBA Wellness & Performance Brand | 39% YoY Sales Growth | 56% NP Margin,,,,Current! Thriving Amazon FBA Wellness & Performance Brand | 39% YoY Sales Growth | 56% NP Margin Amazon in Medical Devices Seller Financing Available Home Based Business Opportunity,https://websiteproperties.com/websites/13776-thriving-amazon-fba-wellness-performance-brand-39-yoy-sales-growth-56-np-margin/,Amazon FBA
WebsiteProperties,Amazon FBA Sports Accessories Business with High AOV,,,,Current! Amazon FBA Sports Accessories Business with High AOV Amazon in Sporting Goods Seller Financing Available Home Based Business Opportunity,https://websiteproperties.com/websites/13779-amazon-fba-sports-accessories-business-with-high-aov/,Amazon FBA
WebsiteProperties,"FBA Popular Socks and Shoe Brands, Candy Sales, and Fulfillment Operations",,,,"Current! FBA Popular Socks and Shoe Brands, Candy Sales, and Fulfillment Operations Amazon in Consumer Goods Seller Financing Available",https://websiteproperties.com/websites/13767-fba-popular-socks-and-shoe-brands-candy-sales-and-fulfillment-operations/,Amazon FBA
WebsiteProperties,Sticking With Success - Great Business Opportunity in the Growing Diabetes Market,,,,Current! Sticking With Success - Great Business Opportunity in the Growing Diabetes Market Amazon in Consumer Goods Home Based Business Opportunity,https://websiteproperties.com/websites/13755-sticking-with-success-great-business-opportunity-in-the-growing-diabetes-market/,Amazon FBA
WebsiteProperties,Patented Amazon Brand Neck Pain Relief Product / FDA Approved,,,,"Current! Patented Amazon Brand Neck Pain Relief Product / FDA Approved Amazon in Health, Wellness and Fitness Seller Financing Available Home Based Business Opportunity",https://websiteproperties.com/websites/13763-patented-amazon-brand-neck-pain-relief-product-fda-approved/,Amazon FBA
