"source","name","price","revenue","profit","multiple","description","url"
"QuietLight","Electrolyte Brand | US-Based Manufacturing | 65% YoY Growth | 20k Subs | $17.4M Revenue | $2.56M SDE","$17","Revenue: $17,442,054","","0.0x","Electrolyte Brand | US-Based Manufacturing | 65% YoY Growth | 20k Subs | $17.4M Revenue | $2.56M SDE Accepting Offers Revenue: $17,442,054 Income: $2,566,134 Amazon FBA","https://quietlight.com/listings/16065383/"
"QuietLight","SBA PQ | 10-Yr-Old FBA, Category Best Seller | 13% Rev & 27% SDE YOY Growth | 78,000 Reviews","$10,425,00","Revenue: $14,257,120","","0.07x","Under Offer SBA PQ | 10-Yr-Old FBA, Category Best Seller | 13% Rev & 27% SDE YOY Growth | 78,000 Reviews $10,425,000 Revenue: $14,257,120 Income: $2,978,291 Amazon FBA","https://quietlight.com/listings/12973521/"
"QuietLight","7 Year Old Amazon FBA Shower Filter Business w/No Seasonality, Fantastic Reviews, & 25% Net Margins","$10,200,00","Revenue: $9,835,387","","0.1x","Under Offer 7 Year Old Amazon FBA Shower Filter Business w/No Seasonality, Fantastic Reviews, & 25% Net Margins $10,200,000 Revenue: $9,835,387 Income: $2,427,197 Amazon FBA","https://quietlight.com/listings/16050561/"
"QuietLight","Fast Growing Health Supplement Amazon FBA Business w/ 15,000+ Subscriptions & 32% Net Margins","$8,000,00","Revenue: $4,069,217","","0.2x","Fast Growing Health Supplement Amazon FBA Business w/ 15,000+ Subscriptions & 32% Net Margins $8,000,000 Revenue: $4,069,217 Income: $1,332,198 Amazon FBA","https://quietlight.com/listings/15830388/"
"QuietLight","SBA Pre-Qualified Amazon FBA Health Supplement Company | 15K+ Amazon Subscribers | US Manufacturing","$4,000,00","Revenue: $4,726,088","","0.08x","SBA Pre-Qualified Amazon FBA Health Supplement Company | 15K+ Amazon Subscribers | US Manufacturing $4,000,000 Revenue: $4,726,088 Income: $1,125,198 Amazon FBA","https://quietlight.com/listings/13938228/"
"QuietLight","9-Year-Old Amazon FBA Stationery Brand | 6,000+ Reviews | 4.6-Star Rating | Seller Finance Available","$2,235,00","Revenue: $4,615,205","","0.05x","9-Year-Old Amazon FBA Stationery Brand | 6,000+ Reviews | 4.6-Star Rating | Seller Finance Available $2,235,000 Revenue: $4,615,205 Income: $638,584 Amazon FBA","https://quietlight.com/listings/16381108/"
"QuietLight","Price Reduced: 8-Year-Old Category-Leading Sleepwear and Socks FBA Business | $8M Revenue | 40,000+ Reviews | Seller Financing Available","$8","Revenue: $7,966,554","","0.0x","Price Reduced: 8-Year-Old Category-Leading Sleepwear and Socks FBA Business | $8M Revenue | 40,000+ Reviews | Seller Financing Available $2,200,000 Revenue: $7,966,554 Income: $847,856 Amazon FBA","https://quietlight.com/listings/16844681/"
"QuietLight","Growing Amazon FBA Premium STEM Kids Toys | Ready International Expansion | Strong Reviews","$1,150,00","Revenue: $3,614,069","","0.03x","Growing Amazon FBA Premium STEM Kids Toys | Ready International Expansion | Strong Reviews $1,150,000 Revenue: $3,614,069 Income: $555,779 Amazon FBA","https://quietlight.com/listings/16859412/"
"QuietLight","Gaming Furniture Business | 56% YoY Growth | 10 Hrs/Week Operation | Multi-Country Revenue","$925,00","Revenue

						$925,000","","0.1x","Gaming Furniture Business | 56% YoY Growth | 10 Hrs/Week Operation | Multi-Country Revenue $925,000 Revenue: $799,002 Income: $276,460 Amazon FBA","https://quietlight.com/listings/13369216/"
"QuietLight","8-Year-Old Pet Safety Brand | 20% Repeat Purchase Rate | 21% YOY Revenue Growth Past 6 Mos.","$655,90","Revenue: $553,106","","0.12x","Under Offer 8-Year-Old Pet Safety Brand | 20% Repeat Purchase Rate | 21% YOY Revenue Growth Past 6 Mos. $655,900 Revenue: $553,106 Income: $218,636 Amazon FBA","https://quietlight.com/listings/13384086/"
"QuietLight","Fast Growing Amazon FBM | Used Cameras & Electronics | 300% YoY Growth | Low Overhead","$650,00","Revenue: $3,568,938","","0.02x","Under Offer Fast Growing Amazon FBM | Used Cameras & Electronics | 300% YoY Growth | Low Overhead $650,000 Revenue: $3,568,938 Income: $420,981 Amazon FBA","https://quietlight.com/listings/15594313/"
"QuietLight","7 Year Old Ladies Bag Amazon FBA UK Business w/USA Expansion Opportunity & Zero Advertising","$645,00","Revenue: $1,578,995","","0.04x","7 Year Old Ladies Bag Amazon FBA UK Business w/USA Expansion Opportunity & Zero Advertising $645,000 Revenue: $1,578,995 Income: $214,955 Amazon FBA","https://quietlight.com/listings/16702772/"
"QuietLight","8 Year Old – Women’s Swim and Apparel Brand | FBA + Shopify | $171k SDE","$171","Revenue: $1,372,142","SDE

						$530,000","0.0x","Under Offer 8 Year Old – Women’s Swim and Apparel Brand | FBA + Shopify | $171k SDE $530,000 Revenue: $1,372,142 Income: $171,144 Amazon FBA","https://quietlight.com/listings/9010087/"
"QuietLight","11 Year Old Niche Hardware Amazon FBA Business w/Low SKU Count | 40% Net Margins | Amazing Reviews","$405,00","Revenue: $255,156","","0.16x","11 Year Old Niche Hardware Amazon FBA Business w/Low SKU Count | 40% Net Margins | Amazing Reviews $405,000 Revenue: $255,156 Income: $103,723 Amazon FBA","https://quietlight.com/listings/17337235/"
"QuietLight","4-Year-Old Travel Accessories FBA Brand + Wholesale | Low Workload | Proprietary Tooling | $113K SDE","$113","Revenue: $601,771","SDE

						$350,000","0.0x","4-Year-Old Travel Accessories FBA Brand + Wholesale | Low Workload | Proprietary Tooling | $113K SDE $350,000 Revenue: $601,771 Income: $114,752 Amazon FBA","https://quietlight.com/listings/16878540/"
"QuietLight","Simple Amazon FBA Accounting Ledger Books Business w/23% Margins | 3.92x ROAS | Low Workload","$200,00","Revenue: $250,192","","0.08x","Simple Amazon FBA Accounting Ledger Books Business w/23% Margins | 3.92x ROAS | Low Workload $200,000 Revenue: $250,192 Income: $57,088 Amazon FBA","https://quietlight.com/listings/16921449/"
"QuietLight","Stable Amazon FBA Business in Seniors Niche | 85% Gross Profit Margin | Simple Operations","$140,00","Revenue: $174,526","","0.08x","Stable Amazon FBA Business in Seniors Niche | 85% Gross Profit Margin | Simple Operations $140,000 Revenue: $174,526 Income: $52,032 Amazon FBA","https://quietlight.com/listings/16944105/"
"QuietLight","EU-Based Amazon FBA Gardening Business | 1.9x Multiple | Low Workload | VAT Management in Place","$94,50","Revenue: $260,708","","0.04x","EU-Based Amazon FBA Gardening Business | 1.9x Multiple | Low Workload | VAT Management in Place $94,500 Revenue: $260,708 Income: $49,766 Amazon FBA","https://quietlight.com/listings/16051221/"
"QuietLight","Patented FBA Pet Travel Brand | 2,700+ 4.5-Star Reviews | Proven Market Fit | Huge Growth Potential","$80,00","Revenue: $201,719","","0.04x","Patented FBA Pet Travel Brand | 2,700+ 4.5-Star Reviews | Proven Market Fit | Huge Growth Potential $80,000 Revenue: $201,719 Income: $6,757 Amazon FBA","https://quietlight.com/listings/16670865/"
"QuietLight","Distressed $28M Global Footwear Platform | Strategic Liquidation | 21 Channels | Recovery Ready","$28","Revenue: $28,493,004","","0.0x","Distressed $28M Global Footwear Platform | Strategic Liquidation | 21 Channels | Recovery Ready Accepting Offers Revenue: $28,493,004 Income: $-1,500,356 Ecommerce","https://quietlight.com/listings/17339742/"
"QuietLight","Thriving Women’s Health Supplement Business | $5.7M SDE | 300%+ Growth | Owners Capping Growth","$5","Revenue: $10,873,231","","0.0x","Under Offer Thriving Women’s Health Supplement Business | $5.7M SDE | 300%+ Growth | Owners Capping Growth $25,000,000 Revenue: $10,873,231 Income: $5,706,691 Ecommerce","https://quietlight.com/listings/15960930/"
"QuietLight","Growing EdTech Business: 85% Recurring Revenue, 11K+ Annual Subscribers, 17.6% CAGR","$14,645,00","Revenue,","","","Under Offer Growing EdTech Business: 85% Recurring Revenue, 11K+ Annual Subscribers, 17.6% CAGR $14,645,000 Revenue: $3,820,466 Income: $2,440,948 Other","https://quietlight.com/listings/13548622/"
"QuietLight","Premium Pet Authority Site | One-of-a-Kind Domain | 33% YoY Revenue Growth | ~1,000,000 Monthly Users | Expert Content Strategy","$11,500,00","Revenue: $2,700,444","","0.43x","Premium Pet Authority Site | One-of-a-Kind Domain | 33% YoY Revenue Growth | ~1,000,000 Monthly Users | Expert Content Strategy $11,500,000 Revenue: $2,700,444 Income: $1,770,336 Content Site","https://quietlight.com/listings/15383616/"
"QuietLight","SBA & Conv. PQ – $8M | 17-Yr-Old Multi-Channel Consumer Tech | YoY 24% Rev & 22% SDE Growth | 3.4x","$8","Revenue: $11,175,171","","0.0x","SBA & Conv. PQ – $8M | 17-Yr-Old Multi-Channel Consumer Tech | YoY 24% Rev & 22% SDE Growth | 3.4x $8,999,000 Revenue: $11,175,171 Income: $2,653,336 Ecommerce","https://quietlight.com/listings/15298647/"
"QuietLight","SBA Max $5M Pre-Approval | Exploding SaaS Trading Platform | $5.4M REV, $2.7M+ SDE – UP 212%","$5","Revenue: $5,506,312","","0.0x","SBA Max $5M Pre-Approval | Exploding SaaS Trading Platform | $5.4M REV, $2.7M+ SDE – UP 212% $8,000,000 Revenue: $5,506,312 Income: $2,644,634 Saas Business","https://quietlight.com/listings/14753270/"
"QuietLight","SBA Pre-Qualified: 12-Year-Old SaaS Payment Platform | $186K MRR | Owner Works Minimal Hours","$186","Revenue: $2,398,103","","0.0x","SBA Pre-Qualified: 12-Year-Old SaaS Payment Platform | $186K MRR | Owner Works Minimal Hours $7,000,000 Revenue: $2,398,103 Income: $2,069,031 Saas Business","https://quietlight.com/listings/16590131/"
"QuietLight","Shopify/Amazon Sea Moss Brand | $270K+ MRR | 90%+ Gross Margin | US Made | 30%+ Growth","$270","Revenue: $14,323,803","","0.0x","Under Offer Shopify/Amazon Sea Moss Brand | $270K+ MRR | 90%+ Gross Margin | US Made | 30%+ Growth $5,850,000 Revenue: $14,323,803 Income: $1,463,306 Ecommerce","https://quietlight.com/listings/12197700/"
"QuietLight","Powerhouse Creative Content Agency – Exclusive Meta/TikTok Partnerships & Waitlist Demand","$2,100,190","Revenue: $2,100,190","","1.0x","Powerhouse Creative Content Agency – Exclusive Meta/TikTok Partnerships & Waitlist Demand Accepting Offers Revenue: $2,100,190 Income: $718,354 Other","https://quietlight.com/listings/16059053/"
"QuietLight","11 Year Old Industry Leading Travel Content Site | Veteran Team In Place | $1.3M SDE","$1","Revenue: $1,640,888","SDE

						$4,450,000","0.0x","Under Offer 11 Year Old Industry Leading Travel Content Site | Veteran Team In Place | $1.3M SDE $4,450,000 Revenue: $1,640,888 Income: $1,305,162 Content Site","https://quietlight.com/listings/12584638/"
"QuietLight","SBA Pre-Qualified | 7-Year-Old Agency | 49.5% YoY SDE Growth | Strong Recurring Revenue","$4,300,00","Revenue

						$4,300,000","","0.1x","Under Offer SBA Pre-Qualified | 7-Year-Old Agency | 49.5% YoY SDE Growth | Strong Recurring Revenue $4,300,000 Revenue: $1,850,138 Income: $962,376 Membership Business","https://quietlight.com/listings/15442269/"
"QuietLight","7-Year-Old HOA SaaS Platform | $700K ARR | 115% NRR | +78% YoY | Integrated Payments | Clear Growth","$700","Revenue: $515,011","","0.0x","7-Year-Old HOA SaaS Platform | $700K ARR | 115% NRR | +78% YoY | Integrated Payments | Clear Growth $4,200,000 Revenue: $515,011 Income: $344,050 Saas Business","https://quietlight.com/listings/14999261/"
"QuietLight","Established Orthotic Insole Brand | 78% YoY Growth | 75% Gross Margin | Rising AOV | Strong Brand","$4,000,00","Revenue: $6,200,291","","0.06x","Established Orthotic Insole Brand | 78% YoY Growth | 75% Gross Margin | Rising AOV | Strong Brand $4,000,000 Revenue: $6,200,291 Income: $1,162,485 Ecommerce","https://quietlight.com/listings/17007115/"
"QuietLight","5-Year-Old Established Supplements Brand | 60% Returning Customers | 4-5 Hours Weekly Management","$3,500,00","Revenue: $4,736,490","","0.07x","5-Year-Old Established Supplements Brand | 60% Returning Customers | 4-5 Hours Weekly Management $3,500,000 Revenue: $4,736,490 Income: $905,162 Ecommerce","https://quietlight.com/listings/16647116/"
"QuietLight","6-Year-Old Online Guitar Course Business | Full Team | Low Owner Workload","$2,370,00","Revenue: $2,567,708","","0.09x","6-Year-Old Online Guitar Course Business | Full Team | Low Owner Workload $2,370,000 Revenue: $2,567,708 Income: $678,058 Membership Business","https://quietlight.com/listings/15678564/"
"QuietLight","SBA PQ | 10 Year Old Content & Software Biz Focused on Magic: The Gathering | Steady Growth","$2,325,00","Revenue: $937,822","","0.25x","SBA PQ | 10 Year Old Content & Software Biz Focused on Magic: The Gathering | Steady Growth $2,325,000 Revenue: $937,822 Income: $692,549 Other","https://quietlight.com/listings/17471477/"
"QuietLight","Growing FDA Compliance Digital Service Business | 50%+ Recurring Revenue | 70%+ Profit Margin","$1,900,00","Revenue: $789,262","","0.24x","Growing FDA Compliance Digital Service Business | 50%+ Recurring Revenue | 70%+ Profit Margin $1,900,000 Revenue: $789,262 Income: $557,981 Other","https://quietlight.com/listings/16053420/"
"QuietLight","4-Year-Old Viral Contest Website Portfolio | 52% YoY SDE Growth | Low Owner Workload","$1,700,00","Revenue: $1,754,214","","0.1x","4-Year-Old Viral Contest Website Portfolio | 52% YoY SDE Growth | Low Owner Workload $1,700,000 Revenue: $1,754,214 Income: $491,084 Content Site","https://quietlight.com/listings/17223242/"
"QuietLight","2-Year-Old Drop-Shipping Fashion Brand | Evergreen Catalog | $8 Million in Revenue | Very Low Multiple","$8","Revenue: $8,188,826","","0.0x","2-Year-Old Drop-Shipping Fashion Brand | Evergreen Catalog | $8 Million in Revenue | Very Low Multiple $1,500,000 Revenue: $8,188,826 Income: $702,801 Ecommerce","https://quietlight.com/listings/15664017/"
"QuietLight","SBA Pre-Qualified: 6-Year-Old Online Diabetes Management Practice | 22% YoY SDE Growth","$1,500,00","Revenue: $773,902","","0.19x","SBA Pre-Qualified: 6-Year-Old Online Diabetes Management Practice | 22% YoY SDE Growth $1,500,000 Revenue: $773,902 Income: $425,253 Membership Business","https://quietlight.com/listings/17482556/"
"QuietLight","4-Year-Old Shopify App Portfolio | 4.6% YoY SDE Growth","$1,430,00","Revenue: $587,982","","0.24x","Under Offer 4-Year-Old Shopify App Portfolio | 4.6% YoY SDE Growth $1,430,000 Revenue: $587,982 Income: $408,640 Saas Business","https://quietlight.com/listings/16814226/"
"QuietLight","SBA PQ | Curated Side Job Content Biz w/50% Adsense Earnings | Large Email List | 20 Year History","$1,420,00","Revenue: $507,785","","0.28x","Under Offer SBA PQ | Curated Side Job Content Biz w/50% Adsense Earnings | Large Email List | 20 Year History $1,420,000 Revenue: $507,785 Income: $449,174 Content Site","https://quietlight.com/listings/17005950/"
"QuietLight","Growing Shopify Health and Wellness Coffee Alternative Consumable CPG Brand | $77 AOV | $20K+ MRR","$77","Revenue: $2,323,920","","0.0x","Growing Shopify Health and Wellness Coffee Alternative Consumable CPG Brand | $77 AOV | $20K+ MRR $1,350,000 Revenue: $2,323,920 Income: $426,262 Ecommerce","https://quietlight.com/listings/17166725/"
"QuietLight","SBA Pre-Qualified: 30+ Year Porsche Performance Parts Manufacturing | Made in USA | $328K SDE","$328","Revenue: $655,399","SDE

						$1,150,000","0.0x","Under Offer SBA Pre-Qualified: 30+ Year Porsche Performance Parts Manufacturing | Made in USA | $328K SDE $1,150,000 Revenue: $655,399 Income: $328,062 Ecommerce","https://quietlight.com/listings/14097773/"
"QuietLight","SBA Pre-Qual 10 Yr Old Real Estate Content Platform | 675K Social Following | Recurring Rev Model","$1,100,00","Revenue: $1,291,152","","0.09x","Under Offer SBA Pre-Qual 10 Yr Old Real Estate Content Platform | 675K Social Following | Recurring Rev Model $1,100,000 Revenue: $1,291,152 Income: $456,250 Saas Business","https://quietlight.com/listings/14524263/"
"QuietLight","SBA Eligible: 20-Year-Old USA Manufacturing Biz | Premium Automotive Products | 77% Gross Margins","$1,000,00","Revenue: $1,214,645","","0.08x","SBA Eligible: 20-Year-Old USA Manufacturing Biz | Premium Automotive Products | 77% Gross Margins $1,000,000 Revenue: $1,214,645 Income: $308,338 Ecommerce","https://quietlight.com/listings/15995434/"
"QuietLight","11-Year-Old Patented Desk Treadmill Brand | SBA Eligible | Big Growth Opportunities","$950,00","Revenue: $898,759","","0.11x","Under Offer 11-Year-Old Patented Desk Treadmill Brand | SBA Eligible | Big Growth Opportunities $950,000 Revenue: $898,759 Income: $295,430 Ecommerce","https://quietlight.com/listings/16363673/"
"QuietLight","SBA Pre-Qualified: 14-Year-Old Food Content Authority | Exclusive MSN Partnership | 81% Growth","$948,00","Revenue: $401,691","","0.24x","SBA Pre-Qualified: 14-Year-Old Food Content Authority | Exclusive MSN Partnership | 81% Growth $948,000 Revenue: $401,691 Income: $327,447 Content Site","https://quietlight.com/listings/16912448/"
"QuietLight","7 Year Old Education Tech Company w/32% Net Margins | Full Team | Untapped Marketing Channels","$900,00","Revenue: $924,683","","0.1x","7 Year Old Education Tech Company w/32% Net Margins | Full Team | Untapped Marketing Channels $900,000 Revenue: $924,683 Income: $292,832 Membership Business","https://quietlight.com/listings/17329625/"
"QuietLight","SBA Pre-Qual | Specialized Healthcare Test Prep Biz | 93K YouTube Subscribers | 32% YOY SDE Growth","$820,00","Revenue: $277,181","","0.3x","Under Offer SBA Pre-Qual | Specialized Healthcare Test Prep Biz | 93K YouTube Subscribers | 32% YOY SDE Growth $820,000 Revenue: $277,181 Income: $233,399 Content Site","https://quietlight.com/listings/17434964/"
"QuietLight","SBA Pre-Qualified Diversified Musical Instrument E-Retailer: Exclusive Relationships & Strong YoY Growth","$757,90","Revenue: $1,029,058","","0.07x","SBA Pre-Qualified Diversified Musical Instrument E-Retailer: Exclusive Relationships & Strong YoY Growth $757,900 Revenue: $1,029,058 Income: $270,713 Ecommerce","https://quietlight.com/listings/16985558/"
"QuietLight","12-Year-Old Mobile Safety App | 6,500 Paid Subscribers | Patented Tech | SBA Eligible","$695,00","Revenue: $215,355","","0.32x","12-Year-Old Mobile Safety App | 6,500 Paid Subscribers | Patented Tech | SBA Eligible $695,000 Revenue: $215,355 Income: $149,066 Saas Business","https://quietlight.com/listings/14264148/"
"QuietLight","Premium Cannabis Hardware Shopify Brand | $115 AOV | 30% Returning Customer Rate | Ready for Scale","$115","Revenue: $1,113,116","","0.0x","Premium Cannabis Hardware Shopify Brand | $115 AOV | 30% Returning Customer Rate | Ready for Scale $690,000 Revenue: $1,113,116 Income: $275,543 Ecommerce","https://quietlight.com/listings/16012265/"
"QuietLight","Seller Financing and Earnout Available | Mystical Services Digital Product Business | 46% Net Margin","$675,00","Revenue: $770,652","","0.09x","Under Offer Seller Financing and Earnout Available | Mystical Services Digital Product Business | 46% Net Margin $675,000 Revenue: $770,652 Income: $355,187 Content Site","https://quietlight.com/listings/11593888/"
"QuietLight","10-Year-Old UX Research SaaS | $263K ARR | $156K ARR In Pipeline | $724 ARPU | $11K LTV","$263","Revenue: $253,366","","0.0x","10-Year-Old UX Research SaaS | $263K ARR | $156K ARR In Pipeline | $724 ARPU | $11K LTV $650,000 Revenue: $253,366 Income: $189,267 Saas Business","https://quietlight.com/listings/15366300/"
"QuietLight","Premium Snack Subscription Box Biz | US Supply Chain | 36% Repeat Customer Rate | 58% SDE Growth","$615,00","Revenue: $519,702","","0.12x","Premium Snack Subscription Box Biz | US Supply Chain | 36% Repeat Customer Rate | 58% SDE Growth $615,000 Revenue: $519,702 Income: $186,558 Ecommerce","https://quietlight.com/listings/17224025/"
"QuietLight","20-Year-Old Maternity Line | Evergreen Styles | Wholesale, Drop-Ship, and DTC Channels | $184k SDE","$184","Revenue: $812,145","SDE

						$590,000","0.0x","Under Offer 20-Year-Old Maternity Line | Evergreen Styles | Wholesale, Drop-Ship, and DTC Channels | $184k SDE $590,000 Revenue: $812,145 Income: $184,609 Ecommerce","https://quietlight.com/listings/15616862/"
"QuietLight","15-Year-Old Food Blog | 1,500+ Posts | Multiple Income Streams","$565,00","Revenue: $191,139","","0.3x","15-Year-Old Food Blog | 1,500+ Posts | Multiple Income Streams $565,000 Revenue: $191,139 Income: $153,259 Content Site","https://quietlight.com/listings/16332598/"
"QuietLight","5-Year-Old Video Editing Digital Products Business | 35% TTM SDE Growth","$550,00","Revenue: $723,017","","0.08x","5-Year-Old Video Editing Digital Products Business | 35% TTM SDE Growth $550,000 Revenue: $723,017 Income: $212,343 Ecommerce","https://quietlight.com/listings/17148431/"
"QuietLight","14 Year Old Travel Content Site | 80% Affiliate | Strong Domain Authority | Transferrable Team","$520,00","Revenue: $296,575","","0.18x","Under Offer 14 Year Old Travel Content Site | 80% Affiliate | Strong Domain Authority | Transferrable Team $520,000 Revenue: $296,575 Income: $257,795 Content Site","https://quietlight.com/listings/12970187/"
"QuietLight","6-Year-Old Drop-Ship Business Selling Japanese Goods | Strong Growth in 2025 | 32% Net Margins","$499,99","Revenue: $402,855","","0.12x","6-Year-Old Drop-Ship Business Selling Japanese Goods | Strong Growth in 2025 | 32% Net Margins $499,999 Revenue: $402,855 Income: $132,309 Ecommerce","https://quietlight.com/listings/17555420/"
"QuietLight","High-Margin, Premium Hemp Products | 40% Repeat Purchase Rate | YOY TTM 285% Rev & 388% SDE Growth","$499,00","Revenue: $717,530","","0.07x","Under Offer High-Margin, Premium Hemp Products | 40% Repeat Purchase Rate | YOY TTM 285% Rev & 388% SDE Growth $499,000 Revenue: $717,530 Income: $200,131 Ecommerce","https://quietlight.com/listings/15140904/"
"QuietLight","10 Year Old Amazon FBA and Shopify Nootropics Biz w/Solid Reputation & High Margins","$425,00","Revenue: $242,047","","0.18x","10 Year Old Amazon FBA and Shopify Nootropics Biz w/Solid Reputation & High Margins $425,000 Revenue: $242,047 Income: $142,047 Ecommerce","https://quietlight.com/listings/16576760/"
"QuietLight","SBA Pre-Qualified Thriving Local Newsletter | 22K High-Value Subs | $360K in Pre-Sold Advertising","$360","Revenue: $300,687","","0.0x","SBA Pre-Qualified Thriving Local Newsletter | 22K High-Value Subs | $360K in Pre-Sold Advertising $382,000 Revenue: $300,687 Income: $126,355 Other","https://quietlight.com/listings/17166012/"
"QuietLight","14 Year Old Dental SaaS Business | <1% Monthly Churn | $2000+ LTV | 13% YoY Growth","$2000","Revenue: $123,250","","0.02x","Under Offer 14 Year Old Dental SaaS Business | <1% Monthly Churn | $2000+ LTV | 13% YoY Growth $350,000 Revenue: $123,250 Income: $89,619 Saas Business","https://quietlight.com/listings/16060068/"
"QuietLight","Shopify Drop-Shipping | Large Pride Social Following | 200K Active Email Subscribers | $94k SDE","$94","Revenue: $1,004,577","SDE

						$287,000","0.0x","Shopify Drop-Shipping | Large Pride Social Following | 200K Active Email Subscribers | $94k SDE $287,000 Revenue: $1,004,577 Income: $94,149 Ecommerce","https://quietlight.com/listings/11515442/"
"QuietLight","Premium Wristwatch Ecomm Business | 67% Net Profit Margins | Low Workload | High-Profile Collabs","$280,00","Revenue: $174,850","","0.16x","Premium Wristwatch Ecomm Business | 67% Net Profit Margins | Low Workload | High-Profile Collabs $280,000 Revenue: $174,850 Income: $118,266 Ecommerce","https://quietlight.com/listings/16316699/"
"QuietLight","Established Virtual Assistant Agency | $9.5K Avg. Recurring Monthly Profit | Low Workload","$9","Revenue: $420,220","","0.0x","Established Virtual Assistant Agency | $9.5K Avg. Recurring Monthly Profit | Low Workload $275,000 Revenue: $420,220 Income: $156,797 Other","https://quietlight.com/listings/16126037/"
"QuietLight","18-Year-Old Established Custom Greeting Card Business | 60% Repeat Customer Rate | $525 AOV","$525","Revenue: $353,903","","0.0x","18-Year-Old Established Custom Greeting Card Business | 60% Repeat Customer Rate | $525 AOV $275,000 Revenue: $353,903 Income: $99,293 Ecommerce","https://quietlight.com/listings/17329259/"
"QuietLight","3-Year-Old Online Fitness and Nutrition Coaching Business | Low Owner Workload","$218,70","Revenue: $171,244","","0.13x","3-Year-Old Online Fitness and Nutrition Coaching Business | Low Owner Workload $218,705 Revenue: $171,244 Income: $87,482 Membership Business","https://quietlight.com/listings/17283250/"
"QuietLight","Premium Pet Accessories Wholesale Brand | Celebrity Worn | 50% Net Margins | Amazon Untapped","$205,00","Revenue: $160,956","","0.13x","Premium Pet Accessories Wholesale Brand | Celebrity Worn | 50% Net Margins | Amazon Untapped $205,000 Revenue: $160,956 Income: $81,523 Ecommerce","https://quietlight.com/listings/17140416/"
"QuietLight","24-Yr-Old Google News Certified Photography Site | DR 72 | 202K Visitors/Mth | 100K Newsletter Subs","$199,00","Revenue: $204,133","","0.1x","24-Yr-Old Google News Certified Photography Site | DR 72 | 202K Visitors/Mth | 100K Newsletter Subs $199,000 Revenue: $204,133 Income: $79,905 Content Site","https://quietlight.com/listings/17108667/"
"QuietLight","Interactive Church Livestream SaaS Platform | $1K+ Customer LTV | Sales/Marketing Experience Needed","$1","Revenue: $33,743","","0.0x","Interactive Church Livestream SaaS Platform | $1K+ Customer LTV | Sales/Marketing Experience Needed $50,000 Revenue: $33,743 Income: $-3,705 Saas Business","https://quietlight.com/listings/17585011/"
"WebsiteProperties","Patented Innovative Camouflage Products Ecommerce Business","","","","","Current! Patented Innovative Camouflage Products Ecommerce Business Amazon in Retail Outdoor Equipment Home Based Business Opportunity","https://websiteproperties.com/websites/13769-patented-innovative-camouflage-products-ecommerce-business/"
"WebsiteProperties","Thriving Amazon FBA Wellness & Performance Brand | 39% YoY Sales Growth | 56% NP Margin","","","","","Current! Thriving Amazon FBA Wellness & Performance Brand | 39% YoY Sales Growth | 56% NP Margin Amazon in Medical Devices Seller Financing Available Home Based Business Opportunity","https://websiteproperties.com/websites/13776-thriving-amazon-fba-wellness-performance-brand-39-yoy-sales-growth-56-np-margin/"
"WebsiteProperties","Amazon FBA Sports Accessories Business with High AOV","","","","","Current! Amazon FBA Sports Accessories Business with High AOV Amazon in Sporting Goods Seller Financing Available Home Based Business Opportunity","https://websiteproperties.com/websites/13779-amazon-fba-sports-accessories-business-with-high-aov/"
"WebsiteProperties","FBA Popular Socks and Shoe Brands, Candy Sales, and Fulfillment Operations","","Sales,","","","Current! FBA Popular Socks and Shoe Brands, Candy Sales, and Fulfillment Operations Amazon in Consumer Goods Seller Financing Available","https://websiteproperties.com/websites/13767-fba-popular-socks-and-shoe-brands-candy-sales-and-fulfillment-operations/"
"WebsiteProperties","Sticking With Success - Great Business Opportunity in the Growing Diabetes Market","","","","","Current! Sticking With Success - Great Business Opportunity in the Growing Diabetes Market Amazon in Consumer Goods Home Based Business Opportunity","https://websiteproperties.com/websites/13755-sticking-with-success-great-business-opportunity-in-the-growing-diabetes-market/"
"WebsiteProperties","Patented Amazon Brand Neck Pain Relief Product / FDA Approved","","","","","Current! Patented Amazon Brand Neck Pain Relief Product / FDA Approved Amazon in Health, Wellness and Fitness Seller Financing Available Home Based Business Opportunity","https://websiteproperties.com/websites/13763-patented-amazon-brand-neck-pain-relief-product-fda-approved/"
"WebsiteProperties","Royalty Rights for Trademarked and Patented Brand Neck Pain Relief Product","","","","","Recently Sold! Royalty Rights for Trademarked and Patented Brand Neck Pain Relief Product Amazon in Health, Wellness and Fitness Seller Financing Available Home Based Business Opportunity","https://websiteproperties.com/amazon-fba-business-for-sale/"
"WebsiteProperties","Affiliate Portfolio Business in Product Sampling and Coupon Niche","","","","","Affiliate Portfolio Business in Product Sampling and Coupon Niche Ecommerce in Consumer Goods Home Based Business Opportunity","https://websiteproperties.com/websites/13783-affiliate-portfolio-business-in-product-sampling-and-coupon-niche/"
"WebsiteProperties","QR Code App | $9M ARR | 7 years of history","$9","","","","QR Code App | $9M ARR | 7 years of history Ecommerce in Productivity Software - Technology Home Based Business Opportunity","https://websiteproperties.com/websites/13782-qr-code-app-9m-arr-7-years-of-history/"
"WebsiteProperties","Amazon FBA Storage Products Business with YoY Growth","","","","","Recently Sold! Amazon FBA Storage Products Business with YoY Growth Amazon in Packaging and Containers","https://websiteproperties.com/websites/?category=ecommerce"
"WebsiteProperties","SaaS Talent Recruitment Platform for Veterinarian Practices | 61% Repeat Customers | 30% Net Margin","","","","","SaaS Talent Recruitment Platform for Veterinarian Practices | 61% Repeat Customers | 30% Net Margin SaaS in Veterinary","https://websiteproperties.com/websites/13775-saas-talent-recruitment-platform-for-veterinarian-practices-61-repeat-customers-30-net-margin/"
"WebsiteProperties","Fast Growing Full-Service Digital Agency - 50% YoY Sales Growth, $1.7M EBITDA and 10+ Years of Success","$1","","","","Pending Sale Fast Growing Full-Service Digital Agency - 50% YoY Sales Growth, $1.7M EBITDA and 10+ Years of Success Ecommerce in Digital Marketing Seller Financing Available Home Based Business Opportunity","https://websiteproperties.com/websites/13773-fast-growing-full-service-digital-agency-50-yoy-sales-growth-1-7m-ebitda-and-10-years-of-success/"
"WebsiteProperties","Global Tailored Business Solution Spreadsheet Platform for Enhanced Productivity | 35% Retention Rate | 87% Margins","","","","","Global Tailored Business Solution Spreadsheet Platform for Enhanced Productivity | 35% Retention Rate | 87% Margins Ecommerce in Business Services Seller Financing Available Home Based Business Opportunity","https://websiteproperties.com/websites/13774-global-tailored-business-solution-spreadsheet-platform-for-enhanced-productivity-35-retention-rate-87-margins/"
"Acquire","Ecommerce startup in the United States Established Supplements Business with a significant presence on Amazon Asking price $7M (3.9x profit)","Asking price
$7M","","","","Amazon FBA businesses for sale Find a profitable Amazon FBA business for sale by searching through our current inventory Ecommerce startup in the United States Established Supplements Business with a significant presence on Amazon Asking price $7M (3.9x profit) Ecommerce startup in Germany Subscription box for dogs with monthly delivered toys and treats Asking price $950k (3.5x profit) Ecommerce startup in the United States Established dropshipping ecommerce store s","https://app.acquire.com/startup/OhCYbylQtMUTMCRqVIUEAANuqcL2/tNR0R64hI9pULUcYBIEO?source=webCategories"
"BizQuest","Auto Part Company W/Full Websites, Ebay, Amazon, Walmart.com Stores","$250,000","Revenue$1,350,000","profit $412,670","0.19x","Businesses for Sale Amazon Businesses 571 571 Amazon Businesses For SaleSort Featured 1 / 4Save $250,000 Cash Flow: $50,000Auto Part Company W/Full Websites, Ebay, Amazon, Walmart.com StoresBoulder County, COWebsites, Ebay/Amazon/Walmart Stores, Established Ecom$250,000 Cash Flow: $50,000ContactSave $308,087 Profitable Amazon FBA Beauty Brand with Amazonâs Choice ProductNew York, NYTop-Rated Pro","https://www.bizquest.com/business-for-sale/auto-part-company-w-full-websites-ebay-amazon-walmart-com-stores/BW2063617/"
"BizQuest","Businesses for Sale","","","","","Businesses for Sale Amazon Businesses 571","https://www.bizquest.com/businesses-for-sale/"
"BizQuest","Profitable Amazon FBA Beauty Brand with Amazonâs Choice Product","$308,08","","","","Save $308,087 Profitable Amazon FBA Beauty Brand with Amazonâs Choice ProductNew York, NYTop-Rated Product with Strong Margins & Verified DemandFinancing Available$308,087 Contact","https://www.bizquest.com/business-for-sale/profitable-amazon-fba-beauty-brand-with-amazons-choice-product/BW2332150/"
"BizQuest","Profitable & Powerful: Own a Breakthrough Cleaning Brand!","$275,000","","Cash Flow: $100,000","","Save $275,000 Cash Flow: $100,000Profitable & Powerful: Own a Breakthrough Cleaning Brand!Hamilton County, OHPatent In Place, Client List, Manufacturing Equipment, and Primed For Growth!$275,000 Cash Flow: $100,000Contact","https://www.bizquest.com/business-for-sale/profitable-and-powerful-own-a-breakthrough-cleaning-brand/BW2211754/"
"BizQuest","Thriving Amazon Cleaning Products Store â $886K Sales, $124K Profit â","$149,000","Sales,","Cash Flow: $124,865","","Save $149,000 Cash Flow: $124,865Thriving Amazon Cleaning Products Store â $886K Sales, $124K Profit âCharlotte, NCName-brand demand meets rare distributor access$149,000 Cash Flow: $124,865Contact","https://www.bizquest.com/business-for-sale/thriving-amazon-cleaning-products-store-886k-sales-124k-profit/BW2384670/"
"BizQuest","Pain Relief KT Tape and Roll On Brand","$450,000","","Cash Flow: $50,000","","Save $450,000 Cash Flow: $50,000Pain Relief KT Tape and Roll On BrandFullerton, CAPain Relief Product BrandFinancing Available$450,000 Cash Flow: $50,000Contact","https://www.bizquest.com/business-for-sale/pain-relief-kt-tape-and-roll-on-brand/BW2327569/"
"BizQuest","Home Gadgets Amazon Business: Apple Corer â $7k/Month","$77,000","","Cash Flow: $28,685","","Save $77,000 Cash Flow: $28,685Home Gadgets Amazon Business: Apple Corer â $7k/MonthCook County, ILAmazon Listing with amazing growth potentialFinancing Available$77,000 Cash Flow: $28,685Contact","https://www.bizquest.com/business-for-sale/home-gadgets-amazon-business-apple-corer-7k-month/BW2327098/"
"BizQuest","Growing and Profitable Amazon Kitchen Accessory Brand| Doing 4k/Month","$55,000","","Cash Flow: $20,650","","Save $55,000 Cash Flow: $20,650Growing and Profitable Amazon Kitchen Accessory Brand| Doing 4k/MonthLos Angeles County, CAAmazon Listing with Great Growth PotentialFinancing Available$55,000 Cash Flow: $20,650Contact","https://www.bizquest.com/business-for-sale/growing-and-profitable-amazon-kitchen-accessory-brand-doing-4k-month/BW2327071/"
"BizQuest","33+ Year Established Sign Business for Sale â Great Location","$795,000","","Cash Flow: $177,09633","","Save $795,000 Cash Flow: $177,09633+ Year Established Sign Business for Sale â Great LocationLexington, KYFully Equipped & Staffed Sign ShopFinancing Available$795,000 Cash Flow: $177,096Contact","https://www.bizquest.com/business-for-sale/33-year-established-sign-business-for-sale-great-location/BW2372412/"
"BizQuest","E-Commerce Camera and Electronics Amazon store","$640,000","","Cash Flow: $400,000","","Save $640,000 Cash Flow: $400,000E-Commerce Camera and Electronics Amazon storeHillsborough County, FLProfitable Amazon FBM used camera and electronics businessFinancing Available$640,000 Cash Flow: $400,000Contact","https://www.bizquest.com/business-for-sale/e-commerce-camera-and-electronics-amazon-store/BW2331520/"
"BizQuest","Baby Essentials Empire with Steady, Recurring Revenue","$115,000","","Cash Flow: $78,000","","Save $115,000 Cash Flow: $78,000Baby Essentials Empire with Steady, Recurring RevenueLos Angeles County, CAHigh-Quality Baby Accessories â In-Demand and ProfitableFinancing Available$115,000 Cash Flow: $78,000Contact","https://www.bizquest.com/business-for-sale/baby-essentials-empire-with-steady-recurring-revenue/BW2295704/"
"BizQuest","Expedia Cruises","$250,000","","","","Franchise $250,000 Expedia CruisesAvailable in Multiple LocationsFor over 35 years, Expedia Cruises has been one of North America's largest retail travel agency franchises and a leading seller of cruise travel. Build equity and enjoy a great lifestyle with our proven franchise model by starting your franchise journey today!See More Franchises$250,000 Franchise","https://www.bizquest.com/expedia-cruises-franchise-for-sale/?q=%3Ff_irts%3Dfalse%26f_bfssr%3D1"
"BizQuest","Exclusive U.S. Distributor of Growth-Ready Beauty Brand | Amazon, DTC","$200,000","","","","Save $200,000 Exclusive U.S. Distributor of Growth-Ready Beauty Brand | Amazon, DTCLos Angeles County, CATurnkey Beauty Brand to scale in U.S.$200,000 Contact","https://www.bizquest.com/business-for-sale/exclusive-u-s-distributor-of-growth-ready-beauty-brand-amazon-dtc/BW2369362/"
"BizQuest","$28M Global Footwear Platform | Distressed Business","$28","","","","SaveNot Disclosed$28M Global Footwear Platform | Distressed BusinessNew YorkStrategic Liquidation Complete | 21 Channels | Recovery ReadyNot DisclosedContact","https://www.bizquest.com/business-for-sale/28m-global-footwear-platform-distressed-business/BW2382260/"
"BizQuest","Fast-Growing Branded Amazon FBA Business in the Health & Wellness","$435,000","","","","Save $435,000 Fast-Growing Branded Amazon FBA Business in the Health & WellnessFloridaAmazon FBA business$435,000 Contact","https://www.bizquest.com/business-for-sale/fast-growing-branded-amazon-fba-business-in-the-health-and-wellness/BW2360984/"
"BizQuest","14-Year-Old Travel Content Site | 80% Affiliate | Strong DA","$520,000","","Cash Flow: $257,79514","","Save $520,000 Cash Flow: $257,79514-Year-Old Travel Content Site | 80% Affiliate | Strong DANorth CarolinaStrong Domain Authority | Transferable Team$520,000 Cash Flow: $257,795Contact","https://www.bizquest.com/business-for-sale/14-year-old-travel-content-site-80-affiliate-strong-da/BW2380881/"
"BizQuest","10-Year-Old Amazon FBA and Shopify Nootropics Business","$425,000","","Cash Flow: $142,04710","","Save $425,000 Cash Flow: $142,04710-Year-Old Amazon FBA and Shopify Nootropics BusinessOhioSolid Reputation | High Margins$425,000 Cash Flow: $142,047Contact","https://www.bizquest.com/business-for-sale/10-year-old-amazon-fba-and-shopify-nootropics-business/BW2380791/"
"BizQuest","Profitable Supplement Store â $720K Sales in 2024, Turn-Key","$136,000","","Cash Flow: $109,365","","Save $136,000 Cash Flow: $109,365Profitable Supplement Store â $720K Sales in 2024, Turn-KeyVirginia Beach, VAHigh-repeat customers top supplier deal = plug?and?play store needing less tha$136,000 Cash Flow: $109,365Contact","https://www.bizquest.com/business-for-sale/profitable-supplement-store-720k-sales-in-2024-turn-key/BW2381570/"
"BizQuest","Profitable Tax Audit Defense & Advisory Firm â Miami (Relocatable)","$75,000","","Cash Flow: $180,000","","Save $75,000 Cash Flow: $180,000Profitable Tax Audit Defense & Advisory Firm â Miami (Relocatable)Miami, FL650+ tax preparers interested in B2B rollout$75,000 Cash Flow: $180,000Contact","https://www.bizquest.com/business-for-sale/profitable-tax-audit-defense-and-advisory-firm-miami-relocatable/BW2358978/"
"BizQuest","Vertically Integrated CPG Innovation Engine | $30M IP | Retail + eCom","$10,000,000","","Cash Flow: $1,907,819","","Save $10,000,000 Cash Flow: $1,907,819Vertically Integrated CPG Innovation Engine | $30M IP | Retail + eComTampa, FLOmniChannel Sales Model | Full Team in Place | Highly ScalableFinancing Available$10,000,000 Cash Flow: $1,907,819Contact","https://www.bizquest.com/business-for-sale/vertically-integrated-cpg-innovation-engine-30m-ip-retail-ecom/BW2381332/"
"BizQuest","Top Rooftop Tent Brand | $3.6M Revenue | Vehicle Service Division","$2,600,000","","Cash Flow: $160,000","","Save $2,600,000 Cash Flow: $160,000Top Rooftop Tent Brand | $3.6M Revenue | Vehicle Service DivisionColoradoOpportunity to move manufacturing to America$2,600,000 Cash Flow: $160,000Contact","https://www.bizquest.com/business-for-sale/top-rooftop-tent-brand-3-6m-revenue-vehicle-service-division/BW2358815/"
"BizQuest","Hair Care Products Manufacturer with 70% YOY Growth","$318,000","","EBITDA: $318,000","","SaveNot DisclosedEBITDA: $318,000Hair Care Products Manufacturer with 70% YOY GrowthNew YorkHas the #1 ranked products on Amazon & is sold at Walmart, CVS, etcNot DisclosedEBITDA: $318,000Contact","https://www.bizquest.com/business-for-sale/hair-care-products-manufacturer-with-70-yoy-growth/BW2358792/"
"BizQuest","Turnkey 3PL Kitchen Essentials Brand Full-Service Fulfillment Include","$99,000","","Cash Flow: $50,000","","Save $99,000 Cash Flow: $50,000Turnkey 3PL Kitchen Essentials Brand Full-Service Fulfillment IncludeOwings Mills, MDStreamlined kitchen brand with 3PL logistics, ready for easy takeover$99,000 Cash Flow: $50,000Contact","https://www.bizquest.com/business-for-sale/turnkey-3pl-kitchen-essentials-brand-full-service-fulfillment-include/BW2380960/"
"BizQuest","Kitchen & Home Essentials E-Com Store | Multi-Platform | 3PL","$110,000","","Cash Flow: $50,000K","","Save $110,000 Cash Flow: $50,000Kitchen & Home Essentials E-Com Store | Multi-Platform | 3PLLawrenceville, GAOwn a fully operational e-commerce business with outsourced logistics$110,000 Cash Flow: $50,000Contact","https://www.bizquest.com/business-for-sale/kitchen-and-home-essentials-e-com-store-multi-platform-3pl/BW2380442/"
"BizQuest","10-Yr-Old Content & Software Business Focused on Magic: The Gathering","$2,325,000","","Cash Flow: $692,54910","","Save $2,325,000 Cash Flow: $692,54910-Yr-Old Content & Software Business Focused on Magic: The GatheringCaliforniaLow Workload | Steady Growth$2,325,000 Cash Flow: $692,549Contact","https://www.bizquest.com/business-for-sale/10-yr-old-content-and-software-business-focused-on-magic-the-gathering/BW2379902/"
"BizQuest","Exclusive Sports Merchandise Wholesaler Business","$4,554,000","","Cash Flow: $518,000","","Save $4,554,000 Cash Flow: $518,000Exclusive Sports Merchandise Wholesaler BusinessOrlando, FLHigh-Margin Sports Wholesale Biz | NFL LicensedFinancing Available$4,554,000 Cash Flow: $518,000Contact","https://www.bizquest.com/business-for-sale/exclusive-sports-merchandise-wholesaler-business/BW2379779/"
"BizQuest","Year-Round Essentials Amazon Store | $102K Profit | Quick Sale","$125,000","","Cash Flow: $101,965","","Save $125,000 Cash Flow: $101,965Year-Round Essentials Amazon Store | $102K Profit | Quick SaleCleveland, OHPriced for a quick sale$125,000 Cash Flow: $101,965Contact","https://www.bizquest.com/business-for-sale/year-round-essentials-amazon-store-102k-profit-quick-sale/BW2378919/"
"BizQuest","Profitable Amazon FBA Sports Brand â $6.8K Monthly Profit â 27% Margin","$265,503","","Cash Flow: $81,696","","Save $265,503 Cash Flow: $81,696Profitable Amazon FBA Sports Brand â $6.8K Monthly Profit â 27% MarginBrooklyn, NYOutdoor trending items$265,503 Cash Flow: $81,696Contact","https://www.bizquest.com/business-for-sale/profitable-amazon-fba-sports-brand-6-8k-monthly-profit-27-margin/BW2355694/"
"BizQuest","Luxury Preserved Flowers & Gift Wrapping Store in Brickell (E2)","$395,000","","","","Save $395,000 Luxury Preserved Flowers & Gift Wrapping Store in Brickell (E2)Miami, FLManufacturing/assembly + Services (dual line of business)$395,000 Contact","https://www.bizquest.com/business-for-sale/luxury-preserved-flowers-and-gift-wrapping-store-in-brickell-e2/BW2350179/"
"BizQuest","Asset Sale for #1 Selling Hair Accessory on Amazon & QVC","$95,000","","","","Save $95,000 Asset Sale for #1 Selling Hair Accessory on Amazon & QVCMonmouth County, NJBrand IP for Sale: Patented Hair Accessory Seen on Celebs & TV$95,000 Contact","https://www.bizquest.com/business-for-sale/asset-sale-for-1-selling-hair-accessory-on-amazon-and-qvc/BW2301415/"
"BizQuest","Growing Shopify Health and Wellness Coffee Alternative Consumable CPG","$1,350,000","Revenue$1,350,000","Cash Flow: $426,262","1.0x","Save $1,350,000 Cash Flow: $426,262Growing Shopify Health and Wellness Coffee Alternative Consumable CPGWyoming$77 Average Order Value | $20K+ Monthly Recurring Revenue$1,350,000 Cash Flow: $426,262Contact","https://www.bizquest.com/business-for-sale/growing-shopify-health-and-wellness-coffee-alternative-consumable-cpg/BW2376740/"
"BizQuest","Well-known, brand-name guitar pedal company for sale.","$350,000","","Cash Flow: $136,000","","Save $350,000 Cash Flow: $136,000Well-known, brand-name guitar pedal company for sale.San Diego, CAEstablished in 1994. A household name in the music industry.$350,000 Cash Flow: $136,000Contact","https://www.bizquest.com/business-for-sale/well-known-brand-name-guitar-pedal-company-for-sale/BW2376858/"
"BizQuest","AAMCO Transmissions","$90,000","","","","Franchise $90,000 AAMCO TransmissionsAvailable in Multiple LocationsWith nearly 600 centers across North America, AAMCO is actively seeking single and multi-unit franchise owners. AAMCO is known for providing higher quality of service and seeking those who share that commitment. Take advantage of a world-wide brand built on decades of consumer trust and loyalty. The day you open your doors, the co","https://www.bizquest.com/aamco-transmissions-franchise-for-sale/?q=%3Ff_irts%3Dfalse%26f_bfssr%3D1"
"BizQuest","2-Year-Old Drop-Shipping Fashion Brand | Evergreen Catalog","$1,500,000","","Cash Flow: $702,8012","","Save $1,500,000 Cash Flow: $702,8012-Year-Old Drop-Shipping Fashion Brand | Evergreen CatalogNew York$8 Million in Revenue | Very Low Multiple$1,500,000 Cash Flow: $702,801Contact","https://www.bizquest.com/business-for-sale/2-year-old-drop-shipping-fashion-brand-evergreen-catalog/BW2374454/"
"BizQuest","Hands Off Profitable Amazon Listing","$88,628","","Cash Flow: $34,306","","Save $88,628 Cash Flow: $34,306Hands Off Profitable Amazon ListingSalt Lake City, UTGreat Passive Income Generating Amazon ListingFinancing Available$88,628 Cash Flow: $34,306Contact","https://www.bizquest.com/business-for-sale/hands-off-profitable-amazon-listing/BW2369538/"
"BizQuest","Handyman Business for Executives - 15+ years Established","$725,000","","Cash Flow: $280,000","","Save $725,000 Cash Flow: $280,000Handyman Business for Executives - 15+ years EstablishedWaukesha, WISales > $1 mn + Net Income 25%$725,000 Cash Flow: $280,000Contact","https://www.bizquest.com/business-for-sale/handyman-business-for-executives-15-years-established/BW2376387/"
"BizQuest","Fully Managed Wholesale Business â Passive Income Opportunity","$95,000","","Cash Flow: $52,000","","Save $95,000 Cash Flow: $52,000Fully Managed Wholesale Business â Passive Income OpportunityHillsborough County, FLHome & Office Essentials Wholesale Business â Ready to Scale!Financing Available$95,000 Cash Flow: $52,000Contact","https://www.bizquest.com/business-for-sale/fully-managed-wholesale-business-passive-income-opportunity/BW2319314/"
"BizQuest","Yock Noodles manufacturer since 1930 s","$360,000","","Cash Flow: $360,000","","SaveNot DisclosedCash Flow: $360,000Yock Noodles manufacturer since 1930 sNorfolk, VAWell Known authentic Yock MeinNot DisclosedCash Flow: $360,000Contact","https://www.bizquest.com/business-for-sale/yock-noodles-manufacturer-since-1930-s/BW2376260/"
"BizQuest","Profitable International Running Gear Wholesaler (No Tariff Impact)","$1,600,000","","Cash Flow: $411,000","","Save $1,600,000 Cash Flow: $411,000Profitable International Running Gear Wholesaler (No Tariff Impact)Miami-Dade County, FLWholesaler has no tariff impact due to customers being international$1,600,000 Cash Flow: $411,000Contact","https://www.bizquest.com/business-for-sale/profitable-international-running-gear-wholesaler-no-tariff-impact/BW2374810/"
"BizQuest","Everyday Household & Automotive Consumables Supplier Contract Included","$95,000","","Cash Flow: $54,000","","Save $95,000 Cash Flow: $54,000Everyday Household & Automotive Consumables Supplier Contract IncludedStatesville, NCHigh Retention Product Line$95,000 Cash Flow: $54,000Contact","https://www.bizquest.com/business-for-sale/everyday-household-and-automotive-consumables-supplier-contract-included/BW2373282/"
"BizQuest","Part time/ full time engraving business for sale","$109,000","","","","Save $109,000 Part time/ full time engraving business for saleWestfield, INGreat business to run from home conveniently$109,000 Contact","https://www.bizquest.com/business-for-sale/part-time-full-time-engraving-business-for-sale/BW2316035/"
"BizQuest","Premium Custom Headwear Brand with Exclusive Client List","$180,000","","Cash Flow: $60,000","","Save $180,000 Cash Flow: $60,000Premium Custom Headwear Brand with Exclusive Client ListTravis County, TXTX Headwear is a premium custom ballcap brand rooted in Central Texas$180,000 Cash Flow: $60,000Contact","https://www.bizquest.com/business-for-sale/premium-custom-headwear-brand-with-exclusive-client-list/BW2350013/"
"BizQuest","Health & Beauty Manufacturer -US & Canadian Retail Chain Distribution","$2,500,000","","","","Save $2,500,000 Health & Beauty Manufacturer -US & Canadian Retail Chain DistributionBoca Raton, FLInstant footprint in most major retail chains in the US & Canada!$2,500,000 Contact","https://www.bizquest.com/business-for-sale/health-and-beauty-manufacturer-us-and-canadian-retail-chain-distribution/BW2194934/"
"BizQuest","Established hardware tool manufacturer wholesaler and retailer","$895,000","","","","Save $895,000 Established hardware tool manufacturer wholesaler and retailerWaldo County, MESolid wholesale and strong Amazon sales with 5 star reviews$895,000 Contact","https://www.bizquest.com/business-for-sale/established-hardware-tool-manufacturer-wholesaler-and-retailer/BW2368472/"
"BizQuest","Timeless Jewelry Brand for Kids","$4,450,000","","","","Save $4,450,000 Timeless Jewelry Brand for KidsUtah20 years of diversified sales ready for new owner$4,450,000 Contact","https://www.bizquest.com/business-for-sale/timeless-jewelry-brand-for-kids/BW2301659/"
"BizQuest","Amazon Linehaul & Brokers Freight â Passive Trucking Investment","$1,300,000","","Cash Flow: $495,000","","Save $1,300,000 Cash Flow: $495,000Amazon Linehaul & Brokers Freight â Passive Trucking InvestmentAllentown, PAOwn 10+ Trucks | Weekly Payouts | Limited OfferFinancing Available$1,300,000 Cash Flow: $495,000Contact","https://www.bizquest.com/business-for-sale/amazon-linehaul-and-brokers-freight-passive-trucking-investment/BW2367680/"
"BizQuest","Profitable Skin Care Wholesale Distribution","$950,000","","Cash Flow: $221,195","","Save $950,000 Cash Flow: $221,195Profitable Skin Care Wholesale DistributionTavernier, FLPrime, Well known & successful Florida Keys BrandFinancing Available$950,000 Cash Flow: $221,195Contact","https://www.bizquest.com/business-for-sale/profitable-skin-care-wholesale-distribution/BW2239085/"
"BizQuest","Niche Wholesale Office Supplies | Turnkey, 5+ Years- Amazon FBA","$95,000","revenue,","Cash Flow: $60,000","","Save $95,000 Cash Flow: $60,000Niche Wholesale Office Supplies | Turnkey, 5+ Years- Amazon FBAAlbany, CASteady revenue, streamlined operations, supplier relationships includeFinancing Available$95,000 Cash Flow: $60,000Contact","https://www.bizquest.com/business-for-sale/niche-wholesale-office-supplies-turnkey-5-years-amazon-fba/BW2366510/"
"BizQuest","Murphy Business Sales","$50,000","","","","Franchise $50,000 Murphy Business SalesAvailable in Multiple Locations$439,983* Gross Profit. Low Investment. Weâll help you build a profitable, rewarding business and still have time for what matters most.See More Franchises$50,000 Franchise","https://www.bizquest.com/murphy-business-sales-franchise-for-sale/?q=%3Ff_irts%3Dfalse%26f_bfssr%3D1"
"BizQuest","Full-Service E-Commerce Prep Center 3PL - 8+ Years in Business","$975,000","","Cash Flow: $257,000","","Save $975,000 Cash Flow: $257,000Full-Service E-Commerce Prep Center 3PL - 8+ Years in BusinessWilliamson County, ILFully Equipped with Racking,Forklifts,Pallet Wrapper,Shrink Wrappers$975,000 Cash Flow: $257,000Contact","https://www.bizquest.com/business-for-sale/full-service-e-commerce-prep-center-3pl-8-years-in-business/BW2366258/"
"BizQuest","Thriving Amazon Pet Store â 6 Years of Success & Growth in the Pet Ind","$125,000","","Cash Flow: $75,000","","Save $125,000 Cash Flow: $75,000Thriving Amazon Pet Store â 6 Years of Success & Growth in the Pet IndChicago, ILEstablished Amazon Pet Store: 6 Years of Excellence & Care$125,000 Cash Flow: $75,000Contact","https://www.bizquest.com/business-for-sale/thriving-amazon-pet-store-6-years-of-success-and-growth-in-the-pet-ind/BW2343699/"
"BizQuest","Grocery Chain and Online Nat'l Distribution","$494,500","","","","Save $494,500 Grocery Chain and Online Nat'l DistributionAustin, TXProduct in Top 10 Ingredients for Baking$494,500 Contact","https://www.bizquest.com/business-for-sale/grocery-chain-and-online-nat-l-distribution/BW2292994/"
"BizQuest","Own a Thriving Fashion Brand: Established E-Commerce Business Availabl","$115,000","","Cash Flow: $163,500","","Save $115,000 Cash Flow: $163,500Own a Thriving Fashion Brand: Established E-Commerce Business AvailablDenver, COApparel E-Commerce Store$115,000 Cash Flow: $163,500Contact","https://www.bizquest.com/business-for-sale/own-a-thriving-fashion-brand-established-e-commerce-business-availabl/BW2313293/"
"BizQuest","8-10k/month Established Amazon Brand Selling Can Crushers","$90,000","","Cash Flow: $32,0008","","Save $90,000 Cash Flow: $32,0008-10k/month Established Amazon Brand Selling Can CrushersNew York, NYAlmost entirely hands off Ecom brand for sale$90,000 Cash Flow: $32,000Contact","https://www.bizquest.com/business-for-sale/8-10k-month-established-amazon-brand-selling-can-crushers/BW2246912/"
"BizQuest","Network in Action","$50,000","","","","Franchise $50,000 Network in ActionAvailable in Multiple LocationsARE YOU A PEOPLE PERSON? We need professionals who have experience building and leading a team of people.See More Franchises$50,000 Franchise","https://www.bizquest.com/network-in-action-franchise-for-sale/?q=%3Ff_irts%3Dfalse%26f_bfssr%3D1"
"BizQuest","Los Angeles, CA Businesses For Sale (416)","","","","","Search Businesses by US Cities Los Angeles, CA Businesses For Sale (416) Houston, TX Businesses For Sale (392) Miami, FL Businesses For Sale (386) Las Vegas, NV Businesses For Sale (340) Phoenix, AZ Businesses For Sale (339) Tampa, FL Businesses For Sale (310) Dallas, TX Businesses For Sale (246) Denver, CO Businesses For Sale (212) Philadelphia, PA Businesses For Sale (192) Cha","https://www.bizquest.com/businesses-for-sale-in-los-angeles-ca/"
"BizQuest","Food and Beverage Businesses For Sale","","","","","Most Popular Searches on BizQuest Food and Beverage Businesses For Sale Restaurants For Sale Business Services Businesses For Sale Retail Stores Businesses For Sale Other Food and Beverage For Sale Other Business Services For Sale Other Retail Stores For Sale Health and Medical Businesses For Sale Auto and Automotive Businesses For Sale Building and Construction Services Busines","https://www.bizquest.com/food-and-beverage-businesses-for-sale/"
"BizQuest","20 Listings","","","","","Andy RumphThe Decain GroupServing Lake County, FLContact Me >Contact Broker 20 Listings | 14 Sold","https://www.bizquest.com/business-broker/the-decain-group/andy-rumph/BW44968/#bfsListings"
"BizQuest","Mighty Dog Roofing","$75,000","","","","Franchise $75,000 Mighty Dog RoofingAvailable in Multiple LocationsBuild a high-revenue roofing business with cutting-edge tech, low overhead, and award-winning supportâpowered by HorsePower Brands. See More Franchises$75,000 Franchise","https://www.bizquest.com/franchise-for-sale/home-services-franchises/"
"BizQuest","DreamMaker Bath & Kitchen","$200,000","","","","Franchise $200,000 DreamMaker Bath & KitchenAvailable in Multiple LocationsJoin a $600B+ industry with the #1 Full-Service Remodeling Franchise - $1.4M Avg Sales with a focus on Strong Margins & Quality of Life!See More Franchises$200,000 Franchise","https://www.bizquest.com/franchise-for-sale/cleaning-and-maintenance-franchises/"
"BizQuest","Hand & Stone Massage and Facial Spa","$150,000","","","","Franchise $150,000 Hand & Stone Massage and Facial SpaAvailable in Multiple LocationsDelivering accessible and personalized skincare and massage services, Hand & Stone has over 550 locations in the US with 1300+ available trade areas to grow in. After 20 years of consecutive growth, we have an average unit volume of $1.4 million!See More Franchises$150,000 Franchise","https://www.bizquest.com/franchise-for-sale/fitness-and-beauty-franchises/"
"BizQuest","Grease Monkey","$400,000","","","","Franchise $400,000 Grease MonkeyAvailable in Multiple LocationsWeâre proud to be a leading name in oil changes and automotive aftermarket repair. With both single and multi-unit franchise opportunities available across the United States, nowâs the perfect time to join a proven brand on the rise. See More Franchises$400,000 Franchise","https://www.bizquest.com/franchise-for-sale/automotive-franchises/"
"BizQuest","Club Z! Tutoring Services","$30,000","","","","Franchise $30,000 Club Z! Tutoring ServicesAvailable in Multiple LocationsâEducating the World, One Student at a TimeâSee More Franchises$30,000 Franchise","https://www.bizquest.com/franchise-for-sale/home-based-franchises/"
"BizBuySell","$182K NOI Highly Sought Medical Office","$886","$400","$50,0004","2.21x","Auto Part Company W/Full Websites, Ebay, Amazon, Walmart.com StoresBoulder County, CO Established eCommerce/small warehouse/contract manufacturing business with multiple successful products and stores. Extremely scalable and easily expandable to over 1.5MM in sales if you have the...$250,000 Cash Flow: $50,0004$250,000Cash Flow: $50,000ContactProfitable Amazon FBA Beauty Brand with Amazonâs Choice ProductNew York, NY This Amazon FBA business (FBA73647) was established in May 2020 and specializ","https://www.bizbuysell.com/business-opportunity/auto-part-company-w-full-websites-ebay-amazon-walmart-com-stores/2063617/"
"BizBuySell","See More Franchises","","","","","FranchiseIntelligent OfficeAvailable Nationwide Recurring Revenue. Scalable Growth. An Expanding Market. While the flexible office space business model has gone mainstream in the last few years, Intelligent Office has been thinking ahead of the market since 1995. Weâve put our insiderâs knowledge to use by making deliberate decisions to identify where the market will be going to help keep our franchiseeâs revenue growing. The number of global coworking members has grown 800% since 2015. To","https://www.bizbuysell.com/franchise-for-sale/business-services-franchise/"
"BizBuySell","Versatile Condo in Jack London Square","","","","","AuctionVersatile Condo in Jack London SquareOakland, CA Online auction: July 14-16, 2025 Minutes from I-880 and Downtown Oakland Zoned for retail, office, or live-work use$400,000 starting bid37Starting bid: $400,000 AuctionREAL ESTATE INCLUDEDRegister to Bid","https://www.ten-x.com/listing/283-4th-st-oakland-ca-94607/35895708/?utm_source=BizBuySell&utm_medium=DigitalPublisher&utm_campaign=SRPPlacardRegToBid-AssetMarketing-NA-NA&utm_content=SIID0000-PID0002-NON-0000-NA-TID0000"
"BizBuySell","Vacant Industrial Facility near the Border","","","","","AuctionVacant Industrial Facility near the BorderDel Rio, TX Online auction: July 14-16, 2025 2.5 miles to port with highway access Ideal vacant distribution center by airport$100,000 starting bid20Starting bid: $100,000 AuctionREAL ESTATE INCLUDEDRegister to Bid","https://www.ten-x.com/listing/11-finegan-rd-del-rio-tx-78840/29208828/?utm_source=BizBuySell&utm_medium=DigitalPublisher&utm_campaign=SRPPlacardRegToBid-AssetMarketing-NA-NA&utm_content=SIID0000-PID0002-NON-0000-NA-TID0000"
"BizBuySell","Modern Turnkey Office with Existing Income","","","","","AuctionModern Turnkey Office with Existing IncomeLansing, MI Online auction: July 14-16, 2025 Easy access to I-69, I-96, and I-496 Turnkey availability for medical/office use$150,000 starting bid23Starting bid: $150,000 AuctionREAL ESTATE INCLUDEDRegister to Bid","https://www.ten-x.com/listing/8161-executive-ct-lansing-mi-48917/35621833/?utm_source=BizBuySell&utm_medium=DigitalPublisher&utm_campaign=SRPPlacardRegToBid-AssetMarketing-NA-NA&utm_content=SIID0000-PID0002-NON-0000-NA-TID0000"
"BizBuySell","Quality Inn & Suites Near NMU & Downtown ABQ","","","","","AuctionQuality Inn & Suites Near NMU & Downtown ABQAlbuquerque, NM Online auction: July 7-9, 2025 Accessible to I-40 and top attractions Amenity-rich hotel with value-add potential$1,250,000 starting bid29Starting bid: $1,250,000 AuctionREAL ESTATE INCLUDEDRegister to Bid","https://www.ten-x.com/listing/1315-menaul-blvd-ne-albuquerque-nm-87107/34261006/?utm_source=BizBuySell&utm_medium=DigitalPublisher&utm_campaign=SRPPlacardRegToBid-AssetMarketing-NA-NA&utm_content=SIID0000-PID0002-NON-0000-NA-TID0000"
"Acquire","SellersGet Acquired with an acquisition plan tailored to your exit goals.List and sell your business with expert support.","","","","","Get Acquired with an acquisition plan tailored to your exit goals.","https://acquire.com/seller-pricing/"
"Investors.Club","SponsoredThis is paid advertismentDone-for-you A.I. Leveraged Branded Shopify Store","","","","","SponsoredThis is paid advertismentDone-for-you A.I. Leveraged Branded Shopify Store","https://investors.club/tech-stack/amazon-fba/"
"Acquire","Ecommerce startup in the United States $1.1M EBITDA US-based footwear brand dominating its market. Fully established. Shopify  Amazon FBA. Asking price $2.5M (2.4x profit)","$1","","","","Amazon FBA businesses for sale Find a profitable Amazon FBA business for sale by searching through our current inventory Ecommerce startup in the United States $1.1M EBITDA US-based footwear brand dom","https://app.acquire.com/startup/FFpKu4y9yUfFacSPjkKIBS1evwR2/8KmjJ3R2RdSoRq9N0S1X?source=webCategories"
"Investors.Club","For Sale by Owner","$25,997","","Profit $8,120","","This U.S.-focused Amazon FBA business sells private-label incense products and operates with approximately 35% net profit margins. Launched in 2021, it requires around 14 hours per week to manage inventory, reorders, and basic PPC, and is fully brand registered on Amazon. The business is owner-operated with no employees, leverages a long-term relationship with a single supplier in Vietnam, and includes brand assets and a WordPress site inventory is excluded from the asking price.","https://investors.club/business/for-sale-by-owner/"
"Acquire","List Your StartupCreate and publish your business listing to 500k buyersGet Acquired with expert tools and 247 customer support.","","","","","Create and publish your business listing to 500k buyers","https://acquire.com/sellers/"
"Investors.Club","Managed by Broker","$5,440,000","","Profit $435,908","","High Growth Historical Sustainability-Focused Notebooks eCommerce Brand doing $1.9M salesyear from diversified revenue channels","https://investors.club/business/brokered/"
"Acquire","BuyersView buyer plans that connect you with founders and their startups.Connect with founders to pursue an acquisition.","","","","","View buyer plans that connect you with founders and their startups.","https://acquire.com/pricing/"
"BizBuySell","Minneapolis MSA  Nearby Popular Destinations","$200,000","","","","Online auction July 14-16, 2025","https://www.ten-x.com/listing/1318-sibley-memorial-hwy-mendota-mn-55150/35878623/?utm_source=BizBuySell&utm_medium=DigitalPublisher&utm_campaign=SRPPlacardRegToBid-AssetMarketing-NA-NA&utm_content=SIID0000-PID0002-NON-0000-NA-TID0000"
"QuietLight","Crown Jewel Amazon FBA Asset  $3.3M TTM SDE  146% YOY Growth  Significant Potential Growth Opps","","Revenue $16,973,677","","","","https://quietlight.com/amazon-fba-businesses-for-sale/"
"Loopnet","Log In","","","","","Log In Sign Up Log In Advertise","https://www.loopnet.com/solutions/advertise?utm_source=advertise_now&utm_medium=homepage_button"
"Loopnet","Sell a Business with BizBuySell","$250,000","revenue 400K","Cash Flow $50,000","0.62x","Established eCommercesmall warehousecontract manufacturing business with multiple successful products and stores. Extremely scalable and easily...","https://www.loopnet.com/biz/advertise"
"Bizquest","Yock Noodles manufacturer since 1930s","$360,000","","Cash Flow $360,000","","SaveNot DisclosedCash Flow $360,000Yock Noodles manufacturer since 1930sNorfolk, VAWell Known authentic Yock MeinNot DisclosedCash Flow $360,000Contact","https://www.bizquest.com/businesses-for-sale-in-norfolk-va/"
"Bizquest","FYZICAL Therapy  Balance Centers","$100,000","","","","FYZICAL is the largest Physical Therapy franchise in the U.S. Their unique Balance  Fall Prevention Program differentiates them. No medical experience required.","https://www.bizquest.com/franchise-for-sale/healthcare-and-senior-care-franchises/"
"Bizquest","Lean Kitchen Company","$75,000","","","","Lean Kitchen delivers meaningful and profitable outcomes for our franchise partners by improving the quality of life for their communities, their customers, and their families every day.","https://www.bizquest.com/franchise-for-sale/food-and-restaurant-franchises/"
"Bizquest","Grasons Estate Sales & Business Liquidations","$50,000","","","","Franchise $50,000 Grasons Estate Sales & Business LiquidationsAvailable NationwideUnleash your entrepreneurial spirit with Grasons Estate Sales & Business Liquidations, the #1 home-based estate sales & business liquidations franchise! Tap into a proven and trusted brand that has redefined excellence in this market.See More Franchises$50,000 Franchise","https://www.bizquest.com/grasons-estate-sales-and-business-liquidations-franchise-for-sale/?q=%3Ff_irts%3Dfalse%26f_bfssr%3D1"
